// license:BSD-3-Clause
// copyright-holders:Gaston90
/***************************************************************
   List of all enabled Neogeo (MVS/AES) drivers in the system.
******************************************************************/

@source:neogeo.cpp
neogeo                          // MVS
neosd                           // NDS (.neo support)
multimvs                        // Multimvs support
2020bb                          // 0030 (c) 1991 SNK / Pallas
2020bba                         // 0030 (c) 1991 SNK / Pallas
2020bbh                         // 0030 (c) 1991 SNK / Pallas
3countb                         // 0043 (c) 1993 SNK
alpham2                         // 0007 (c) 1991 SNK
alpham2p                        // 0007 (c) 1991 SNK (prototype)
androdun                        // 0049 (c) 1992 Visco
aodk                            // 0074 (c) 1994 ADK / SNK
aof                             // 0044 (c) 1992 SNK
aof2                            // 0056 (c) 1994 SNK
aof2a                           // 0056 (c) 1994 SNK
aof3                            // 0096 (c) 1996 SNK
aof3k                           // 0196 Censored Korean release of aof3
b2b                             // 0071 (c) 2000 Visco (released by NCI in 2010)
bakatono                        // 0036 (c) 1991 Monolith Corp.
bangbead                        // 0259 (c) 2000 Visco
bjourney                        // 0022 (c) 1990 Alpha Denshi Co.
bjourneyh                       //
blazstar                        // 0239 (c) 1998 Yumekobo
breakers                        // 0230 (c) 1996 Visco
breakrev                        // 0245 (c) 1998 Visco
bstars                          // 0002 (c) 1990 SNK
bstars2                         // 0041 (c) 1992 SNK
bstarsh                         // 0002 (c) 1990 SNK
burningf                        // 0018 (c) 1991 SNK
burningfh                       // 0018 (c) 1991 SNK
burningfp                       // 0018 (c) 1991 SNK (prototype)
burningfpa                      // 0018 (c) 1991 SNK (prototype)
burningfpb                      // 0018 (c) 1991 SNK (prototype)
crswd2bl                        // 0054 bootleg made from CD version
crsword                         // 0037 (c) 1991 Alpha Denshi Co.
ct2k3sa                         // bootleg of kof2001
ct2k3sp                         // bootleg of kof2001
cthd2003                        // bootleg of kof2001
ctomaday                        // 0249 (c) 1999 Visco
cyberlip                        // 0010 (c) 1990 SNK
diggerma                        // No Game ID (unlicensed), (c) 2000 Kyle Hodgetts, prototype
doubledr                        // 0082 (c) 1995 Technos
dragonsh                        // same ID as gowcaizr, dev board
eightman                        // 0025 (c) 1991 SNK / Pallas
fatfursp                        // 0058 (c) 1993 SNK
fatfurspa                       // 0058 (c) 1993 SNK
fatfury1                        // 0033 (c) 1991 SNK
fatfury2                        // 0047 (c) 1992 SNK
fatfury2a                       // 0047 (c) 1992 SNK
fatfury3                        // 0069 (c) 1995 SNK
fatfury3a                       // 0069 (c) 1995 SNK
fbfrenzy                        // 0034 (c) 1992 SNK
fightfev                        // 0060 (c) 1994 Viccom
fightfeva                       // 0060 (c) 1994 Viccom
flipshot                        // 0247 (c) 1998 Visco
froman2b                        // 098 hack - this is not a genuine MVS cart, its a bootleg made from the CD version
fswords                         // 0187 Korean hack of samsho3
galaxyfg                        // 0078 (c) 1995 Sunsoft
ganryu                          // 0252 (c) 1999 Visco
garou                           // 0253 (c) 1999 SNK
garoubl                         // bootleg
garouh                          // 0253 (c) 1999 SNK
garouha                         // 0253 (c) 1999 SNK
garoup                          // 0253 (c) 1999 SNK
ghostlop                        // 0228 GhostLop (prototype) 1996? Data East
goalx3                          // 0209 (c) 1995 Visco
gowcaizr                        // 0094 (c) 1995 Technos
gpilots                         // 0020 (c) 1991 SNK
gpilotsh                        // 0020 (c) 1991 SNK
gpilotsp                        // prototype
gururin                         // 0067 (c) 1994 Face
ironclad                        // 0220 (c) 1996 Saurus - Choutetsu Brikin'ger - Iron clad (protoype)
ironclado                       // 0220 (c) 1996 Saurus - Choutetsu Brikin'ger - Iron clad (protoype, older)
irrmaze                         // 0236 (c) 1997 SNK / Saurus
janshin                         // 0048 (c) 1994 Aicom
jockeygp                        //
jockeygpa                       //
joyjoy                          // 0021 (c) 1990 SNK
kabukikl                        // 0092 (c) 1995 Hudson
karnovr                         // 0066 (c) 1994 Data East Corporation
kf10thep                        // bootleg of kof2002
kf2k3pcb                        //
kf2k2mp                         // bootleg
kf2k2mp2                        // bootleg
kf2k2pla                        // bootleg
kf2k2pls                        // bootleg
kf2k3bl                         // bootleg
kf2k3bla                        // bootleg
kf2k3pl                         // bootleg
kf2k3upl                        // bootleg
kf2k5uni                        // bootleg of kof2002
kizuna                          // 0216 (c) 1996 SNK
kizuna4p                        // 0216 (c) 1996 SNK - same cartridge as kizuna, needs extension board and a compatible MVS to enable 4p mode
kof10th                         // bootleg of kof2002
kof2000                         // 0257 (c) 2000 SNK
kof2000n                        // 0257 (c) 2000 SNK
kof2001                         // 0262 (c) 2001 Eolith / SNK
kof2001h                        // 0262 (c) 2001 Eolith / SNK
kof2002                         // 0265 (c) 2002 Eolith / Playmore
kof2002b                        // bootleg
kof2003                         // 0271 (c) 2003 Playmore
kof2003h                        // 0271 (c) 2003 Playmore
kof2k4se                        // bootleg of kof2002
kof94                           // 0055 (c) 1994 SNK
kof95                           // 0084 (c) 1995 SNK
kof95a                          // 0084 (c) 1995 SNK, alternate board
kof95h                          // 0084 (c) 1995 SNK
kof96                           // 0214 (c) 1996 SNK
kof96a                          // 0214 (c) 1996 SNK
kof96h                          // 0214 (c) 1996 SNK
kof97                           // 0232 (c) 1997 SNK
kof97h                          // 0232 (c) 1997 SNK
kof97k                          // 0232 (c) 1997 SNK
kof97oro                        // bootleg of kof97
kof97pls                        // bootleg of kof97
kof98                           // 0242 (c) 1998 SNK
kof98a                          // 0242 (c) 1998 SNK, alternate board
kof98h                          // 0242 (c) 1998 SNK
kof98k                          // 0242 (c) 1998 SNK
kof98ka                         // 0242 (c) 1998 SNK
kof99                           // 0251 (c) 1999 SNK
kof99e                          // 0251 (c) 1999 SNK
kof99h                          // 0251 (c) 1999 SNK
kof99k                          // 0152 (c) 1999 SNK
kof99ka                         // 0152 (c) 1999 SNK
kof99p                          // 0251 (c) 1999 SNK
kog                             // bootleg of kof97
kogplus                         // bootleg of kof97
kotm                            // 0016 (c) 1991 SNK
kotm2                           // 0039 (c) 1992 SNK
kotm2a                          // 0039 (c) 1992 SNK
kotm2p                          // 0039 (c) 1992 SNK (prototype)
kotmh                           // 0016 (c) 1991 SNK
lans2004                        // bootleg of shocktr2
lastblad                        // 0234 (c) 1997 SNK
lastblada                       // 0234 (c) 1997 SNK
lastbladh                       // 0234 (c) 1997 SNK
lastbld2                        // 0243 (c) 1998 SNK
lasthope                        //
lastsold                        // 0196 Censored Korean release of lastblad
lbowling                        // 0019 (c) 1990 SNK
legendos                        // 0029 (c) 1991 SNK
lresort                         // 0024 (c) 1992 SNK
lresortp                        // prototype
magdrop2                        // 0221 (c) 1996 Data East Corporation
magdrop3                        // 0233 (c) 1997 Data East Corporation
maglord                         // 0005 (c) 1990 Alpha Denshi Co.
maglordh                        // 0005 (c) 1990 Alpha Denshi Co.
mahretsu                        // 0004 (c) 1990 SNK
marukodq                        // 0206 (c) 1995 Takara
matrim                          // 0266 (c) 2003 Atlus
matrimbl                        // bootleg
miexchng                        // 0231 (c) 1997 Face
minasan                         // 0027 (c) 1990 Monolith Corp.
moshougi                        // 0203 (c) 1995 ADK / SNK
ms5pcb                          // SNK Playmore
ms4plus                         // Bootleg
ms5plus                         // Bootleg
mslug                           // Nazca
mslug2                          // SNK
mslug3                          // SNK
mslug3a                         // SNK
mslug3h                         // SNK
mslug3b6                        // Bootleg
mslug4                          // Mega / Playmore
mslug4h                         // Mega / Playmore
mslug5                          // SNK Playmore
mslug5h                         // SNK Playmore
mslug5b1                        // Neogeo
mslugx                          // SNK
mutnat                          // 0014 (c) 1992 SNK
nam1975                         // 0001 (c) 1990 SNK
ncombat                         // 0009 (c) 1990 Alpha Denshi Co.
ncombath                        // 0009 (c) 1990 Alpha Denshi Co.
ncommand                        // 0050 (c) 1992 Alpha Denshi Co.
neobombe                        // 0093 (c) 1997 Hudson
neocup98                        // 0244 (c) 1998 SNK
neodrift                        // 0213 (c) 1996 Visco
neomrdo                         // 0207 (c) 1996 Visco
ninjamas                        // 0217 (c) 1996 ADK / SNK
nitd                            // 0260 (c) 2000 Eleven / Gavaking
nitdbl                          // bootleg
overtop                         // 0212 (c) 1996 ADK
panicbom                        // 0073 (c) 1994 Eighting / Hudson
pbobbl2n                        // 0248 (c) 1999 Taito (SNK license)
pbobblen                        // 0083 (c) 1994 Taito
pbobblenb                       // bootleg
pgoal                           // 0219 (c) 1996 Saurus
pnyaa                           // 0267 (c) 2003 Aiky / Taito
pnyaaa                          // 0267 (c) 2003 Aiky / Taito
popbounc                        // 0237 (c) 1997 Video System Co.
preisle2                        // 0255 (c) 1999 Yumekobo
pspikes2                        // 0068 (c) 1994 Video System Co.
pulstar                         // 0089 (c) 1995 Aicom
pulstara                        // 0089 (c) 1995 Aicom
puzzldpr                        // 0235 (c) 1997 Taito (Visco license)
puzzledp                        // 0202 (c) 1995 Taito (Visco license)
quizdai2                        // 0042 (c) 1992 SNK
quizdais                        // 0023 (c) 1991 SNK
quizdaisk                       // 0123 (c) 1991 SNK
quizkof                         // 0080 (c) 1995 Saurus
quizkofk                        // 0080 (c) 1995 Saurus
ragnagrd                        // 0218 (c) 1996 Saurus
rbff1                           // 0095 (c) 1995 SNK
rbff1a                          // 0095 (c) 1995 SNK
rbff1k                          // 0095 (c) 1995 SNK
rbff1ka                         // 0095 (c) 1995 SNK
rbff2                           // 0240 (c) 1998 SNK
rbff2h                          // 0240 (c) 1998 SNK
rbff2k                          // 0140 Censored Korean release of rbff2
rbffspec                        // 0223 (c) 1996 SNK
rbffspeck                       // 0124 (c) 1996 SNK
ridhero                         // 0006 (c) 1990 SNK
ridheroh                        // 0006 (c) 1990 SNK
roboarmy                        // 0032 (c) 1991 SNK
roboarmya                       // 0032 (c) 1991 SNK
rotd                            // 0264 (c) 2002 Evoga
rotdh                           // 0264 (c) 2002 Evoga
s1945p                          // 0254 (c) 1999 Psikyo
samsh5sp                        // 0272 (c) 2004 Playmore
samsh5sph                       // 0272 (c) 2004 Playmore
samsh5spho                      // 0272 (c) 2004 Playmore
samsho                          // 0045 (c) 1993 SNK
samshoh                         // 0045 (c) 1993 SNK
samshoa                         //
samsho2                         // 0063 (c) 1994 SNK
samsho2k                        // 0063 (c) 1994 SNK (Korean hack)
samsho2ka                       // 0063 (c) 1994 SNK (Korean hack)
samsho3                         // 0087 (c) 1995 SNK
samsho3h                        // 0087 (c) 1995 SNK
samsho4                         // 0222 (c) 1996 SNK
samsho4k                        // Censored Korean release of samsho4
samsho5                         // 0270 (c) 2003 Playmore
samsho5a                        // 0270 (c) 2003 Playmore
samsho5h                        // 0270 (c) 2003 Playmore
samsho5b                        // bootleg
savagere                        // 0059 (c) 1995 SNK
sbp                             // (c)2004 Vektorlogik
sdodgeb                         // 0208 (c) 1996 Technos
sengoku                         // 0017 (c) 1991 SNK
sengokuh                        // 0017 (c) 1991 SNK
sengoku2                        // 0040 (c) 1993 SNK
sengoku3                        // 0261 (c) 2001 Noise Factory / SNK
sengoku3a                       //
shocktr2                        // 0246 (c) 1998 Saurus
shocktro                        // 0238 (c) 1997 Saurus
shocktroa                       // 0238 (c) 1997 Saurus
socbrawl                        // 0031 (c) 1991 SNK
socbrawlh                       // 0031 (c) 1991 SNK
sonicwi2                        // 0075 (c) 1994 Video System Co.
sonicwi3                        // 0097 (c) 1995 Video System Co.
spinmast                        // 0062 (c) 1993 Data East Corporation
ssideki                         // 0052 (c) 1992 SNK
ssideki2                        // 0061 (c) 1994 SNK
ssideki3                        // 0081 (c) 1995 SNK
ssideki4                        // 0215 (c) 1996 SNK
stakwin                         // 0088 (c) 1995 Saurus
stakwindev                      // prototype
stakwin2                        // 0227 (c) 1996 Saurus
strhoop                         // 0079 (c) 1994 Data East Corporation
superspy                        // 0011 (c) 1990 SNK
svcpcb                          // 0269 (c) 2003 Playmore / Capcom - JAMMA PCB
svcpcba                         // 0269 (c) 2003 Playmore / Capcom - JAMMA PCB
svc                             // 0269 (c) 2003 Playmore / Capcom
svcboot                         // bootleg
svcplus                         // bootleg
svcplusa                        // bootleg
svcsplus                        // bootleg
tophuntr                        // 0046 (c) 1994 SNK
tophuntrh                       // 0046 (c) 1994 SNK
tpgolf                          // 0003 (c) 1990 SNK
trally                          // 0038 (c) 1991 Alpha Denshi Co.
turfmast                        // 0200 (c) 1996 Nazca
twinspri                        // 0224 (c) 1996 ADK
twsoc96                         // 0086 (c) 1996 Tecmo
viewpoin                        // 0051 (c) 1992 Sammy
viewpoinp                       //
vliner                          //
vliner7e                        //
vliner6e                        //
vliner54                        //
vliner53                        //
wakuwak7                        // 0225 (c) 1996 Sunsoft
wh1                             // 0053 (c) 1992 Alpha Denshi Co.
wh1h                            // 0053 (c) 1992 Alpha Denshi Co.
wh1ha                           // 0053 (c) 1992 Alpha Denshi Co.
wh2                             // 0057 (c) 1993 ADK
wh2h                            //
wh2j                            // 0064 (c) 1994 ADK / SNK
wh2ja                           // 0064 (c) 1994 ADK / SNK
whp                             // 0090 (c) 1995 ADK / SNK
wjammers                        // 0065 (c) 1994 Data East Corporation
zedblade                        // 0076 (c) 1994 NMK
zintrckb                        // 0211 hack - this is not a genuine MVS proto, its a bootleg made from the CD version
zupapa                          // 0070 Zupapa - released in 2001, 1994 prototype probably exists

@source:neogeo.cpp
bangbedd                        // Decrypted / Bootleg
cthd2k3d                        // Decrypted / Bootleg
cthd2k3da                       // Decrypted / Bootleg
cthd2k3a                        // Decrypted / Bootleg
ct2k3spd                        // Decrypted / Bootleg
ganryud                         // Decrypted / Bootleg
garoud                          // Decrypted / Bootleg
garouhd                         // Decrypted / Bootleg
jockygpd                        // Decrypted / Bootleg
kof96ep                         // Decrypted / Bootleg
kof97pla                        // Decrypted / Bootleg
kof97orod                       // Decrypted / Bootleg
kof99d                          // Decrypted / Bootleg
kof99kd                         // Decrypted / Bootleg
kof2kd                          // Decrypted / Bootleg
kof2knd                         // Decrypted / Bootleg
kof2k1d                         // Decrypted / Bootleg
kof2k1hd                        // Decrypted / Bootleg
kf2k1bh                         // Decrypted / Bootleg
kf2k1pls                        // Decrypted / Bootleg
kf2k1plse                       // Encrypted / Bootleg
kf2k1plsd                       // Decrypted / Bootleg
kf2k1pla                        // Decrypted / Bootleg
kf2k1plae                       // Encrypted / Bootleg
kf2k1plad                       // Decrypted / Bootleg
kf2k1plap                       // Predecrypted / Bootleg
kof2k2d                         // Decrypted / Bootleg
kof2k2nd                        // Decrypted / Bootleg
kf2k2plae                       // Encrypted / Bootleg
kf2k2plad                       // Decrypted / Bootleg
kf2k2plap                       // Predecrypted / Bootleg
kf2k2plbe                       // Encrypted / Bootleg
kf2k2plbd                       // Decrypted / Bootleg
kf2k2plbp                       // Predecrypted / Bootleg
kf2k2plc                        // Decrypted / Bootleg
kf2k2plce                       // Encrypted / Bootleg
kf2k2plcd                       // Decrypted / Bootleg
kf2k2pld                        // Decrypted / Bootleg
kf2k2plde                       // Encrypted / Bootleg
kf2k2pldd                       // Decrypted / Bootleg
kf2k2ple                        // Decrypted / Bootleg
kf2k2plee                       // Encrypted / Bootleg
kf2k2pled                       // Decrypted / Bootleg
kf2k2plep                       // Predecrypted / Bootleg
kf2k2mpl                        // Decrypted / Bootleg
kf2k2mpp                        // Predecrypted / Bootleg
kf2k2mpe                        // Encrypted / Bootleg
kf2k2mpd                        // Decrypted / Bootleg
kf2k2mp2e                       // Encrypted / Bootleg
kf2k2mp2d                       // Decrypted / Bootleg
kf2k2mp2p                       // Predecrypted / Bootleg
kof2k3d                         // Decrypted / Bootleg
kf2k3bd                         // Decrypted / Bootleg
kof2k3hd                        // Decrypted / Bootleg
kof2k3nd                        // Decrypted / Bootleg
kf2k3pcd                        // Decrypted / Bootleg
kf2k3pd                         // Decrypted / Bootleg
kf2k3upd                        // Decrypted / Bootleg
kogd                            // Decrypted / Bootleg
kogplusd                        // Decrypted / Bootleg
kof10thd                        // Decrypted / Bootleg
kf10thepp                       // Predecrypted / Bootleg
kof10thu                        // Decrypted / Bootleg
kf2k5unid                       // Decrypted / Bootleg
kofse2k4                        // Decrypted / Bootleg
kofse2k4e                       // Encrypted / Bootleg
kofse2k4d                       // Decrypted / Bootleg
kofse2k4p                       // Predecrypted / Bootleg
kf2k4pls                        // Decrypted / Bootleg
kf2k4plse                       // Encrypted / Bootleg
kf2k4plsd                       // Decrypted / Bootleg
kf2k4plsp                       // Predecrypted / Bootleg
lans2k4d                        // Decrypted / Bootleg
matrimd                         // Decrypted / Bootleg
matrimbd                        // Decrypted / Bootleg
msboot                          // Bootleg
ms3b6boot                       // Bootleg
ms4boot                         // Bootleg
ms5boot                         // Bootleg
ms5pcbd                         // SNK Playmore
ms4pluse                        // Bootleg
ms4plusd                        // Bootleg
ms5pluse                        // Bootleg
ms5plusd                        // Bootleg
ms5plusnd                       // Bootleg
mslug2t                         // Bootleg
mslug3d                         // SNK
mslug3hd                        // SNK
mslug3b6d                       // Bootleg
mslug3b6e                       // Bootleg
mslug4d                         // Mega / Playmore
mslug4hd                        // Mega / Playmore
mslug4nd                        // Mega / Playmore
mslug5d                         // SNK Playmore
mslug5hd                        // SNK Playmore
mslug5nd                        // SNK Playmore
mslug5b2                        // Bootleg
mslug5b3                        // Bootleg
mslug5b4                        // Bootleg
mslug5b5                        // Bootleg
mslug5b6                        // Bootleg
mslug5b7                        // Bootleg
mslug5b8                        // Bootleg
mslugxb                         // Bootleg
nitdd                           // Decrypted / Bootleg
pbobblendx                      // Decrypted / Bootleg
pnyaad                          // Decrypted / Bootleg
preisl2d                        // Decrypted / Bootleg
rotdd                           // Decrypted / Bootleg
rotdhd                          // Decrypted / Bootleg
s1945pd                         // Decrypted / Bootleg
samsho3en                       // Decrypted / Bootleg
samsh5bd                        // Decrypted / Bootleg
samsh5d                         // Decrypted / Bootleg
samsh5hd                        // Decrypted / Bootleg
samsh5nd                        // Decrypted / Bootleg
sams5spd                        // Decrypted / Bootleg
sams5sod                        // Decrypted / Bootleg
sams5shd                        // Decrypted / Bootleg
sams5sond                       // Decrypted / Bootleg
sams5shnd                       // Decrypted / Bootleg
sengok3d                        // Decrypted / Bootleg
svcd                            // Decrypted / Bootleg
svcnd                           // Decrypted / Bootleg
svcbp                           // Decrypted / Bootleg
svcplusp                        // Predecrypted / Bootleg
svcsplusp                       // Predecrypted / Bootleg
svcpcbd                         // Decrypted / Bootleg
zupapad                         // Decrypted / Bootleg

@source:neogeo.cpp
2020bbe                         // Earlier
3countbe                        // Earlier
androdune                       // Earlier
aof3e                           // Earlier
bangbeade                       // Earlier
blazstre                        // Earlier
fatfury3e                       // Earlier
goalx3e                         // Earlier
kabukikle                       // Earlier
lastbladhe                      // Earlier
kizunae                         // Earlier
kof95e                          // Earlier
kotm2e                          // Earlier
magdrp3e                        // Earlier
miexchnge                       // Earlier
msluge                          // Earlier
mslug4e                         // Earlier
mslug5e                         // Earlier
neobombee                       // Earlier
neodrifte                       // Earlier
ninjamse                        // Earlier
pulstare                        // Earlier
ragnagrde                       // Earlier
rbffspece                       // Earlier
pgoale                          // Earlier
roboarme                        // Earlier
panicbome                       // Earlier
rbff1e                          // Earlier
samsho3e                        // Earlier
samsho4e                        // Earlier
strhoope                        // Earlier
sengoku2e                       // Earlier
shocktrae                       // Earlier
sonicw3e                        // Earlier
ssidek4e                        // Earlier
turfmste                        // Earlier
twinspre                        // Earlier
tws96e                          // Earlier
wakuwk7e                        // Earlier
wh1e                            // Earlier
whpe                            // Earlier
wjammere                        // Earlier

@source:neogeo.cpp
3countbd                        // Multi Game Doctor 2
2020bbd                         // Multi Game Doctor 2
alpham2d                        // Multi Game Doctor 2
androdund                       // Multi Game Doctor 2
aofd                            // Multi Game Doctor 2
bstarsd                         // Multi Game Doctor 2
burningfd                       // Multi Game Doctor 2
crswordd                        // Multi Game Doctor 2
cyberlipd                       // Multi Game Doctor 2
eightmand                       // Multi Game Doctor 2
fatfury1d                       // Multi Game Doctor 2
fbfrenzyd                       // Multi Game Doctor 2
gpilotsd                        // Multi Game Doctor 2
joyjoyd                         // Multi Game Doctor 2
kotmd                           // Multi Game Doctor 2
lbowlingd                       // Multi Game Doctor 2
lresortd                        // Multi Game Doctor 2
maglordd                        // Multi Game Doctor 2
mutnatd                         // Multi Game Doctor 2
ncombatd                        // Multi Game Doctor 2
ncommandd                       // Multi Game Doctor 2
ridherod                        // Multi Game Doctor 2
roboarmyd                       // Multi Game Doctor 2
sengokud                        // Multi Game Doctor 2
sengoku2d                       // Multi Game Doctor 2
socbrawld                       // Multi Game Doctor 2
superspyd                       // Multi Game Doctor 2
tpgolfd                         // Multi Game Doctor 2
trallyd                         // Multi Game Doctor 2
wh1d                            // Multi Game Doctor 2

@source:neogeo.cpp
2020bbcd                        // CD conversion
columnsncd                      // CD conversion
fr2cd                           // CD conversion
gpilotcd                        // CD conversion
joyjoycd                        // CD conversion
lbowlingcd                      // CD conversion
pbobblencd                      // CD conversion
sengokucd                       // CD conversion
ssidekicd                       // CD conversion
strhoopcd                       // CD conversion
superspycd                      // CD conversion
tpgolfcd                        // CD conversion
trallycd                        // CD conversion
zintrkcd                        // CD conversion

@source:neogeo.cpp
3countbdd                       // Decrypted Darksoft
2020bbdd                        // Decrypted Darksoft
2020bbadd                       // Decrypted Darksoft
2020bbhdd                       // Decrypted Darksoft
alpham2dd                       // Decrypted Darksoft
alpham2pdd                      // Decrypted Darksoft
androdundd                      // Decrypted Darksoft
aodkdd                          // Decrypted Darksoft
aofdd                           // Decrypted Darksoft
aof2dd                          // Decrypted Darksoft
aof2add                         // Decrypted Darksoft
aof3dd                          // Decrypted Darksoft
aof3kdd                         // Decrypted Darksoft
b2bdd                           // Decrypted Darksoft
bakatonodd                      // Decrypted Darksoft
bangbeadd                       // Decrypted Darksoft
bjourneydd                      // Decrypted Darksoft
bjourneyhdd                     // Decrypted Darksoft
blazstardd                      // Decrypted Darksoft
breakersdd                      // Decrypted Darksoft
breakrevdd                      // Decrypted Darksoft
bstarsdd                        // Decrypted Darksoft
bstarshdd                       // Decrypted Darksoft
bstars2dd                       // Decrypted Darksoft
burningfdd                      // Decrypted Darksoft
burningfhdd                     // Decrypted Darksoft
burningfpdd                     // Decrypted Darksoft
burningfpadd                    // Decrypted Darksoft
crswd2bldd                      // Decrypted Darksoft
crsworddd                       // Decrypted Darksoft
ct2k3sadd                       // Decrypted Darksoft
ct2k3spdd                       // Decrypted Darksoft
cthd2003dd                      // Decrypted Darksoft
ctomadaydd                      // Decrypted Darksoft
cyberlipdd                      // Decrypted Darksoft
diggermadd                      // Decrypted Darksoft
doubledrdd                      // Decrypted Darksoft
dragonshdd                      // Decrypted Darksoft
eightmandd                      // Decrypted Darksoft
fatfurspdd                      // Decrypted Darksoft
fatfurspadd                     // Decrypted Darksoft
fatfury1dd                      // Decrypted Darksoft
fatfury2dd                      // Decrypted Darksoft
fatfury3dd                      // Decrypted Darksoft
fbfrenzydd                      // Decrypted Darksoft
fightfevdd                      // Decrypted Darksoft
fightfevadd                     // Decrypted Darksoft
flipshotdd                      // Decrypted Darksoft
froman2bdd                      // Decrypted Darksoft
fswordsdd                       // Decrypted Darksoft
galaxyfgdd                      // Decrypted Darksoft
ganryudd                        // Decrypted Darksoft
garoudd                         // Decrypted Darksoft
garoubldd                       // Decrypted Darksoft
garouhdd                        // Decrypted Darksoft
garouhadd                       // Decrypted Darksoft
garoupdd                        // Decrypted Darksoft
ghostlopdd                      // Decrypted Darksoft
goalx3dd                        // Decrypted Darksoft
gowcaizrdd                      // Decrypted Darksoft
gpilotsdd                       // Decrypted Darksoft
gpilotshdd                      // Decrypted Darksoft
gururindd                       // Decrypted Darksoft
ironcladd                       // Decrypted Darksoft
ironcladod                      // Decrypted Darksoft
irrmazedd                       // Decrypted Darksoft (Not working)
janshindd                       // Decrypted Darksoft
jockeygpdd                      // Decrypted Darksoft
jockeygpadd                     // Decrypted Darksoft
joyjoydd                        // Decrypted Darksoft
kabukikldd                      // Decrypted Darksoft
karnovrdd                       // Decrypted Darksoft
kf2k2mpdd                       // Decrypted Darksoft
kf2k2mp2dd                      // Decrypted Darksoft
kf2k2plsdd                      // Decrypted Darksoft
kf2k2pladd                      // Decrypted Darksoft
kf2k3bldd                       // Decrypted Darksoft
kf2k3bladd                      // Decrypted Darksoft
kf2k3upldd                      // Decrypted Darksoft
kf2k3pldd                       // Decrypted Darksoft
kizunadd                        // Decrypted Darksoft
kof2000dd                       // Decrypted Darksoft
kof2000ndd                      // Decrypted Darksoft
kof2001dd                       // Decrypted Darksoft
kof2001hdd                      // Decrypted Darksoft
kof2002dd                       // Decrypted Darksoft
kof2002bdd                      // Decrypted Darksoft
kof2003dd                       // Decrypted Darksoft
kof2003hdd                      // Decrypted Darksoft
kof10thdd                       // Decrypted Darksoft
kf10thepdd                      // Decrypted Darksoft
kf2k5unidd                      // Decrypted Darksoft
kof2k4sedd                      // Decrypted Darksoft
kof94dd                         // Decrypted Darksoft
kof95dd                         // Decrypted Darksoft
kof95hdd                        // Decrypted Darksoft
kof96dd                         // Decrypted Darksoft
kof96hdd                        // Decrypted Darksoft
kof97dd                         // Decrypted Darksoft
kof97hdd                        // Decrypted Darksoft
kof97kdd                        // Decrypted Darksoft
kof97plsdd                      // Decrypted Darksoft
kof97orodd                      // Decrypted Darksoft
kof98dd                         // Decrypted Darksoft
kof98hdd                        // Decrypted Darksoft
kof98kdd                        // Decrypted Darksoft
kof98kadd                       // Decrypted Darksoft
kof99dd                         // Decrypted Darksoft
kof99edd                        // Decrypted Darksoft
kof99hdd                        // Decrypted Darksoft
kof99kdd                        // Decrypted Darksoft
kof99kadd                       // Decrypted Darksoft
kof99pdd                        // Decrypted Darksoft
kogdd                           // Decrypted Darksoft
kotmdd                          // Decrypted Darksoft
kotmhdd                         // Decrypted Darksoft
kotm2dd                         // Decrypted Darksoft
kotm2add                        // Decrypted Darksoft
kotm2pdd                        // Decrypted Darksoft
lans2004dd                      // Decrypted Darksoft
lastbladdd                      // Decrypted Darksoft
lastbladhdd                     // Decrypted Darksoft
lastsoldd                       // Decrypted Darksoft
lasthopedd                      // Decrypted Darksoft
lastbld2dd                      // Decrypted Darksoft
lbowlingdd                      // Decrypted Darksoft
legendosdd                      // Decrypted Darksoft
lresortdd                       // Decrypted Darksoft
lresortpdd                      // Decrypted Darksoft
magdrop2dd                      // Decrypted Darksoft
magdrop3dd                      // Decrypted Darksoft
maglorddd                       // Decrypted Darksoft
maglordhdd                      // Decrypted Darksoft
mahretsudd                      // Decrypted Darksoft
marukodqdd                      // Decrypted Darksoft
matrimdd                        // Decrypted Darksoft
miexchngdd                      // Decrypted Darksoft
minasandd                       // Decrypted Darksoft
moshougidd                      // Decrypted Darksoft
ms5pcbdd                        // Decrypted Darksoft
ms4plusdd                       // Decrypted Darksoft
ms5plusdd                       // Decrypted Darksoft
mslugdd                         // Decrypted Darksoft
mslug2dd                        // Decrypted Darksoft
mslug2tdd                       // Decrypted Darksoft
mslug3dd                        // Decrypted Darksoft
mslug3hdd                       // Decrypted Darksoft
mslug3b6dd                      // Decrypted Darksoft
mslug4dd                        // Decrypted Darksoft
mslug4hdd                       // Decrypted Darksoft
mslug5dd                        // Decrypted Darksoft
mslug5hdd                       // Decrypted Darksoft
mslugxdd                        // Decrypted Darksoft
mutnatdd                        // Decrypted Darksoft
nam1975dd                       // Decrypted Darksoft
ncombatdd                       // Decrypted Darksoft
ncombathdd                      // Decrypted Darksoft
ncommanddd                      // Decrypted Darksoft
neobombedd                      // Decrypted Darksoft
neocup98dd                      // Decrypted Darksoft
neodriftdd                      // Decrypted Darksoft
neomrdodd                       // Decrypted Darksoft
ninjamasdd                      // Decrypted Darksoft
nitddd                          // Decrypted Darksoft
nitdbldd                        // Decrypted Darksoft
overtopdd                       // Decrypted Darksoft
panicbomdd                      // Decrypted Darksoft
pbobbl2ndd                      // Decrypted Darksoft
pbobblendd                      // Decrypted Darksoft
pbobblenbdd                     // Decrypted Darksoft
pgoaldd                         // Decrypted Darksoft
pnyaadd                         // Decrypted Darksoft
pnyaaadd                        // Decrypted Darksoft
popbouncdd                      // Decrypted Darksoft
preisle2dd                      // Decrypted Darksoft
pspikes2dd                      // Decrypted Darksoft
pulstardd                       // Decrypted Darksoft
puzzldprdd                      // Decrypted Darksoft
puzzledpdd                      // Decrypted Darksoft
quizdai2dd                      // Decrypted Darksoft
quizdaisdd                      // Decrypted Darksoft
quizdaiskdd                     // Decrypted Darksoft
quizkofdd                       // Decrypted Darksoft
quizkofkdd                      // Decrypted Darksoft
ragnagrdd                       // Decrypted Darksoft
rbff1dd                         // Decrypted Darksoft
rbff1add                        // Decrypted Darksoft
rbff1kdd                        // Decrypted Darksoft
rbff2dd                         // Decrypted Darksoft
rbff2hdd                        // Decrypted Darksoft
rbff2kdd                        // Decrypted Darksoft
rbffspecdd                      // Decrypted Darksoft
rbffspeckdd                     // Decrypted Darksoft
ridherodd                       // Decrypted Darksoft
ridherohdd                      // Decrypted Darksoft
roboarmydd                      // Decrypted Darksoft
roboarmyadd                     // Decrypted Darksoft
rotddd                          // Decrypted Darksoft
rotdhdd                         // Decrypted Darksoft
s1945pdd                        // Decrypted Darksoft
samsh5spdd                      // Decrypted Darksoft
samsh5sphdd                     // Decrypted Darksoft
samsh5sphodd                    // Decrypted Darksoft
samshodd                        // Decrypted Darksoft
samshohdd                       // Decrypted Darksoft
samsho2dd                       // Decrypted Darksoft
samsho2kdd                      // Decrypted Darksoft
samsho2kadd                     // Decrypted Darksoft
samsho3dd                       // Decrypted Darksoft
samsho3hdd                      // Decrypted Darksoft
samsho4dd                       // Decrypted Darksoft
samsho4kdd                      // Decrypted Darksoft
samsho5dd                       // Decrypted Darksoft
samsho5hdd                      // Decrypted Darksoft
samsho5bdd                      // Decrypted Darksoft
savageredd                      // Decrypted Darksoft
sbpdd                           // Decrypted Darksoft
sdodgebdd                       // Decrypted Darksoft
sengokudd                       // Decrypted Darksoft
sengokuhdd                      // Decrypted Darksoft
sengoku2dd                      // Decrypted Darksoft
sengoku3dd                      // Decrypted Darksoft
sengoku3add                     // Decrypted Darksoft
shocktr2dd                      // Decrypted Darksoft
shocktrodd                      // Decrypted Darksoft
shocktroadd                     // Decrypted Darksoft
socbrawldd                      // Decrypted Darksoft
socbrawlhdd                     // Decrypted Darksoft
sonicwi2dd                      // Decrypted Darksoft
sonicwi3dd                      // Decrypted Darksoft
spinmastdd                      // Decrypted Darksoft
ssidekidd                       // Decrypted Darksoft
ssideki2dd                      // Decrypted Darksoft
ssideki3dd                      // Decrypted Darksoft
ssideki4dd                      // Decrypted Darksoft
stakwindd                       // Decrypted Darksoft
stakwin2dd                      // Decrypted Darksoft
strhoopdd                       // Decrypted Darksoft
superspydd                      // Decrypted Darksoft
svcdd                           // Decrypted Darksoft
svcbootdd                       // Decrypted Darksoft
svcplusdd                       // Decrypted Darksoft
svcplusadd                      // Decrypted Darksoft
svcsplusdd                      // Decrypted Darksoft
svcpcbdd                        // Decrypted Darksoft
svcpcbadd                       // Decrypted Darksoft
tophuntrdd                      // Decrypted Darksoft
tophuntrhdd                     // Decrypted Darksoft
tpgolfdd                        // Decrypted Darksoft
trallydd                        // Decrypted Darksoft
turfmastdd                      // Decrypted Darksoft
twinspridd                      // Decrypted Darksoft
twsoc96dd                       // Decrypted Darksoft
viewpoindd                      // Decrypted Darksoft
vlinerdd                        // Decrypted Darksoft
vliner7edd                      // Decrypted Darksoft
vliner6edd                      // Decrypted Darksoft
vliner54dd                      // Decrypted Darksoft
vliner53dd                      // Decrypted Darksoft
wakuwak7dd                      // Decrypted Darksoft
wh1dd                           // Decrypted Darksoft
wh1hdd                          // Decrypted Darksoft
wh1hadd                         // Decrypted Darksoft
wh2dd                           // Decrypted Darksoft
wh2hdd                          // Decrypted Darksoft
wh2jdd                          // Decrypted Darksoft
whpdd                           // Decrypted Darksoft
wjammersdd                      // Decrypted Darksoft
zedbladedd                      // Decrypted Darksoft
zintrckbdd                      // Decrypted Darksoft
zupapadd                        // Decrypted Darksoft

@source:neogeo.cpp
3countbnds                      // NEO SD
2020bbnds                       // NEO SD
2020bbands                      // NEO SD
2020bbhnds                      // NEO SD
alpham2nds                      // NEO SD
alpham2pnds                     // NEO SD
androdunnds                     // NEO SD
aodknds                         // NEO SD
aofnds                          // NEO SD
aof2nds                         // NEO SD
aof2ands                        // NEO SD
aof3nds                         // NEO SD
aof3knds                        // NEO SD
b2bnds                          // NEO SD
bakatononds                     // NEO SD
bangbeadnds                     // NEO SD
bjourneynds                     // NEO SD
bjourneyhnds                    // NEO SD
blazstarnds                     // NEO SD
breakersnds                     // NEO SD
breakrevnds                     // NEO SD
bstarsnds                       // NEO SD
bstarshnds                      // NEO SD
bstars2nds                      // NEO SD
burningfnds                     // NEO SD
burningfhnds                    // NEO SD
burningfpnds                    // NEO SD
burningfpands                   // NEO SD
crswd2blnds                     // NEO SD
crswordnds                      // NEO SD
ct2k3sands                      // NEO SD
ct2k3spnds                      // NEO SD
cthd2003nds                     // NEO SD
ctomadaynds                     // NEO SD
cyberlipnds                     // NEO SD
diggermands                     // NEO SD
doubledrnds                     // NEO SD
dragonshnds                     // NEO SD
eightmannds                     // NEO SD
fatfurspnds                     // NEO SD
fatfurspands                    // NEO SD
fatfury1nds                     // NEO SD
fatfury2nds                     // NEO SD
fatfury3nds                     // NEO SD
fbfrenzynds                     // NEO SD
fightfevnds                     // NEO SD
fightfevands                    // NEO SD
flipshotnds                     // NEO SD
froman2bnds                     // NEO SD
fswordsnds                      // NEO SD
galaxyfgnds                     // NEO SD
ganryunds                       // NEO SD
garounds                        // NEO SD
garoublnds                      // NEO SD
garouhnds                       // NEO SD
garouhands                      // NEO SD
garoupnds                       // NEO SD
ghostlopnds                     // NEO SD
goalx3nds                       // NEO SD
gowcaizrnds                     // NEO SD
gpilotsnds                      // NEO SD
gpilotshnds                     // NEO SD
gururinnds                      // NEO SD
ironcladnds                     // NEO SD
ironcladonds                    // NEO SD
irrmazends                      // NEO SD (Not working)
janshinnds                      // NEO SD
jockeygpnds                     // NEO SD
jockeygpands                    // NEO SD
joyjoynds                       // NEO SD
kabukiklnds                     // NEO SD
karnovrnds                      // NEO SD
kf2k2mpnds                      // NEO SD
kf2k2mp2nds                     // NEO SD
kf2k2plsnds                     // NEO SD
kf2k2plands                     // NEO SD
kf2k3blnds                      // NEO SD
kf2k3blands                     // NEO SD
kf2k3uplnds                     // NEO SD
kf2k3plnds                      // NEO SD
kizunands                       // NEO SD
kof2000nds                      // NEO SD
kof2000nnds                     // NEO SD
kof2001nds                      // NEO SD
kof2001hnds                     // NEO SD
kof2002nds                      // NEO SD
kof2002bnds                     // NEO SD
kof2003nds                      // NEO SD
kof2003hnds                     // NEO SD
kof10thnds                      // NEO SD
kf10thepnds                     // NEO SD
kf2k5uninds                     // NEO SD
kof2k4sends                     // NEO SD
kof94nds                        // NEO SD
kof95nds                        // NEO SD
kof95hnds                       // NEO SD
kof96nds                        // NEO SD
kof96hnds                       // NEO SD
kof97nds                        // NEO SD
kof97hnds                       // NEO SD
kof97knds                       // NEO SD
kof97plsnds                     // NEO SD
kof97oronds                     // NEO SD
kof98nds                        // NEO SD
kof98hnds                       // NEO SD
kof98knds                       // NEO SD
kof98kands                      // NEO SD
kof99nds                        // NEO SD
kof99ends                       // NEO SD
kof99hnds                       // NEO SD
kof99knds                       // NEO SD
kof99kands                      // NEO SD
kof99pnds                       // NEO SD
kognds                          // NEO SD
kotmnds                         // NEO SD
kotmhnds                        // NEO SD
kotm2nds                        // NEO SD
kotm2ands                       // NEO SD
kotm2pnds                       // NEO SD
lans2004nds                     // NEO SD
lastbladnds                     // NEO SD
lastbladhnds                    // NEO SD
lastsolnds                      // NEO SD
lasthopends                     // NEO SD
lastbld2nds                     // NEO SD
lbowlingnds                     // NEO SD
legendosnds                     // NEO SD
lresortnds                      // NEO SD
lresortpnds                     // NEO SD
magdrop2nds                     // NEO SD
magdrop3nds                     // NEO SD
maglordnds                      // NEO SD
maglordhnds                     // NEO SD
mahretsunds                     // NEO SD
marukodqnds                     // NEO SD
matrimnds                       // NEO SD
miexchngnds                     // NEO SD
minasannds                      // NEO SD
moshouginds                     // NEO SD
ms4plusnsd                      // NEO SD
ms5plusnsd                      // NEO SD
ms5pcbdnsd                      // NEO SD
mslugnsd                        // NEO SD
mslug2nsd                       // NEO SD
mslug2tnsd                      // NEO SD
mslug3nsd                       // NEO SD
mslug3hnsd                      // NEO SD
mslug3b6nsd                     // NEO SD
mslug4nsd                       // NEO SD
mslug4hnsd                      // NEO SD
mslug5nsd                       // NEO SD
mslug5hnsd                      // NEO SD
mslugxnsd                       // NEO SD
mutnatnds                       // NEO SD
nam1975nds                      // NEO SD
ncombatnds                      // NEO SD
ncombathnds                     // NEO SD
ncommandnds                     // NEO SD
neobombends                     // NEO SD
neocup98nds                     // NEO SD
neodriftnds                     // NEO SD
neomrdonds                      // NEO SD
ninjamasnds                     // NEO SD
nitdnds                         // NEO SD
nitdblnds                       // NEO SD
overtopnds                      // NEO SD
panicbomnds                     // NEO SD
pbobbl2nnds                     // NEO SD
pbobblennds                     // NEO SD
pbobblenbnds                    // NEO SD
pgoalnds                        // NEO SD
pnyaands                        // NEO SD
pnyaaands                       // NEO SD
popbouncnds                     // NEO SD
preisle2nds                     // NEO SD
pspikes2nds                     // NEO SD
pulstarnds                      // NEO SD
puzzldprnds                     // NEO SD
puzzledpnds                     // NEO SD
quizdai2nds                     // NEO SD
quizdaisnds                     // NEO SD
quizdaisknds                    // NEO SD
quizkofnds                      // NEO SD
quizkofknds                     // NEO SD
ragnagrnds                      // NEO SD
rbff1nds                        // NEO SD
rbff1ands                       // NEO SD
rbff1knds                       // NEO SD
rbff2nds                        // NEO SD
rbff2hnds                       // NEO SD
rbff2knds                       // NEO SD
rbffspecnds                     // NEO SD
rbffspecknds                    // NEO SD
ridheronds                      // NEO SD
ridherohnds                     // NEO SD
roboarmynds                     // NEO SD
roboarmyands                    // NEO SD
rotdnds                         // NEO SD
rotdhnds                        // NEO SD
s1945pnds                       // NEO SD
samsh5spnds                     // NEO SD
samsh5sphnds                    // NEO SD
samsh5sphonds                   // NEO SD
samshonds                       // NEO SD
samshohnds                      // NEO SD
samsho2nds                      // NEO SD
samsho2knds                     // NEO SD
samsho2kands                    // NEO SD
samsho3nds                      // NEO SD
samsho3hnds                     // NEO SD
samsho4nds                      // NEO SD
samsho4knds                     // NEO SD
samsho5nds                      // NEO SD
samsho5hnds                     // NEO SD
samsho5bnds                     // NEO SD
savagerends                     // NEO SD
sbpnds                          // NEO SD
sdodgebnds                      // NEO SD
sengokunds                      // NEO SD
sengokuhnds                     // NEO SD
sengoku2nds                     // NEO SD
sengoku3nds                     // NEO SD
sengoku3ands                    // NEO SD
shocktr2nds                     // NEO SD
shocktronds                     // NEO SD
shocktroands                    // NEO SD
socbrawlnds                     // NEO SD
socbrawlhnds                    // NEO SD
sonicwi2nds                     // NEO SD
sonicwi3nds                     // NEO SD
spinmastnds                     // NEO SD
ssidekinds                      // NEO SD
ssideki2nds                     // NEO SD
ssideki3nds                     // NEO SD
ssideki4nds                     // NEO SD
stakwinnds                      // NEO SD
stakwin2nds                     // NEO SD
strhoopnds                      // NEO SD
superspynds                     // NEO SD
svcnds                          // NEO SD
svcbootnds                      // NEO SD
svcplusnds                      // NEO SD
svcplusands                     // NEO SD
svcsplusnds                     // NEO SD
svcpcbnds                       // NEO SD
svcpcbands                      // NEO SD
tophuntrnds                     // NEO SD
tophuntrhnds                    // NEO SD
tpgolfnds                       // NEO SD
trallynds                       // NEO SD
turfmastnds                     // NEO SD
twinsprinds                     // NEO SD
twsoc96nds                      // NEO SD
viewpoinnds                     // NEO SD
vlinernds                       // NEO SD
vliner7ends                     // NEO SD
vliner6ends                     // NEO SD
vliner54nds                     // NEO SD
vliner53nds                     // NEO SD
wakuwak7nds                     // NEO SD
wh1nds                          // NEO SD
wh1hnds                         // NEO SD
wh1hands                        // NEO SD
wh2nds                          // NEO SD
wh2hnds                         // NEO SD
wh2jnds                         // NEO SD
whpnds                          // NEO SD
wjammersnds                     // NEO SD
zedbladends                     // NEO SD
zintrckbnds                     // NEO SD
zupapands                       // NEO SD

@source:neogeo.cpp
19yy                            // HomeBrew
19yyo                           // HomeBrew
68kng                           // HomeBrew
240ptest                        // HomeBrew
4play                           // HomeBrew
abyssal                         // HomeBrew
amazonn                         // HomeBrew
badapple                        // HomeBrew
baddudesn                       // HomeBrew
bbb2                            // HomeBrew
beast                           // HomeBrew
bpanicdx                        // HomeBrew
bonusstage                      // HomeBrew
cabalng                         // HomeBrew
cakefght                        // HomeBrew
caravan                         // HomeBrew
cbarrel                         // HomeBrew
chelnovn                        // HomeBrew
cnbe                            // HomeBrew
cnbe2018                        // HomeBrew
cphd                            // HomeBrew
columnsn                        // HomeBrew
cyborg                          // HomeBrew
ddsprdmo                        // HomeBrew
didemo                          // HomeBrew
doubled1                        // HomeBrew
flapchck                        // HomeBrew
ffeast                          // HomeBrew
fr2                             // HomeBrew
foodfn                          // HomeBrew
galaxiann                       // HomeBrew
gladmort                        // HomeBrew
goldaxen                        // HomeBrew
gxg                             // HomeBrew
horekidb3                       // HomeBrew
hypernoid                       // HomeBrew
igla                            // HomeBrew
inthehunt                       // HomeBrew
iocero                          // HomeBrew
jumpnrund                       // HomeBrew
jurl                            // HomeBrew
karnovn                         // HomeBrew
knightsch                       // HomeBrew
lernit                          // HomeBrew
lhcdb                           // HomeBrew
looptris                        // HomeBrew
looptrsp                        // HomeBrew
ltorb                           // HomeBrew
mslug3x                         // HomeBrew
nblktiger                       // HomeBrew
knacki                          // HomeBrew
ndo_a_td                        // HomeBrew
neo2500                         // HomeBrew
neo2048                         // HomeBrew
neopang                         // HomeBrew
neo3d                           // HomeBrew
neocstlv                        // HomeBrew
neodemo                         // HomeBrew
neofight                        // HomeBrew
neogal1                         // HomeBrew
neogal1t                        // HomeBrew
neonopon                        // HomeBrew
neopl                           // HomeBrew
neopong                         // HomeBrew
neoponga                        // HomeBrew
neoromjb                        // HomeBrew
neotest                         // HomeBrew
neothund                        // HomeBrew
neotris                         // HomeBrew
ngcdtdd0                        // HomeBrew
ng4ptest                        // HomeBrew
ng4psyschk                      // HomeBrew
ngem2k                          // HomeBrew
ngftdemo                        // HomeBrew
ngmontst                        // HomeBrew
ngtd2                           // HomeBrew
ngtetris                        // HomeBrew
ngym2610                        // HomeBrew
nsmbd                           // HomeBrew
nsmb                            // HomeBrew
nyan                            // HomeBrew
pcmademo                        // HomeBrew
pcmbdemo                        // HomeBrew
poknight                        // HomeBrew
pown                            // HomeBrew
raroggame                       // HomeBrew
samantha                        // HomeBrew
santabll                        // HomeBrew
sgz                             // HomeBrew
shaman24                        // HomeBrew
shinobin                        // HomeBrew
seafight                        // HomeBrew
snddemo                         // HomeBrew
spkick                          // HomeBrew
spriteex                        // HomeBrew
syscheck                        // HomeBrew
teot                            // HomeBrew
timesup                         // HomeBrew
timesupd                        // HomeBrew
totc                            // HomeBrew
twister                         // HomeBrew
vaporous                        // HomeBrew
violentv                        // HomeBrew
vlad2000                        // HomeBrew
wrldracr                        // HomeBrew
ww2demo                         // HomeBrew
yoyoshkn                        // HomeBrew
xeviousng                       // HomeBrew
xeno                            // HomeBrew
xmas2017                        // HomeBrew
zetsuxeving                     // HomeBrew

@source:neogeo.cpp
akiradmo                        // Intro Demo Music
cndi                            // Intro Demo Music
dti                             // Intro Demo Music
dwi                             // Intro Demo Music
dwia                            // Intro Demo Music
gbi                             // Intro Demo Music
rci                             // Intro Demo Music
smi                             // Intro Demo Music
tmnti                           // Intro Demo Music
tmntia                          // Intro Demo Music

@source:neogeo.cpp
androdunhc01                    // Hack
aofhc01                         // Hack
aofhc02                         // Hack
aofhc03                         // Hack
aofhc04                         // Hack
aof2hc01                        // Hack
aof2hc02                        // Hack
aof2hc03                        // Hack
aof3hc01                        // Hack
aof3hc02                        // Hack
blazstarhc01                    // Hack
breakershc01                    // Hack
breakrevhc01                    // Hack
breakrevhc02                    // Hack
breakrevhc03                    // Hack
breakrevhc04                    // Hack
cyberliphc01                    // Hack
doubledrhc01                    // Hack
doubledrhc02                    // Hack
doubledrhc03                    // Hack
doubledrhc04                    // Hack
doubledrhc05                    // Hack
doubledrhc06                    // Hack
doubledrhc07                    // Hack
doubledrhc08                    // Hack
eightmanhc01                    // Hack
fatfursphc01                    // Hack
fatfursphc02                    // Hack
fatfury1hc01                    // Hack
fatfury2hc01                    // Hack
fatfury2hc02                    // Hack
fatfury3hc01                    // Hack
fightfevhc01                    // Hack
flipshothc01                    // Hack
galaxyfghc01                    // Hack
garouhc01                       // Hack
garouhc02                       // Hack
garouhc03                       // Hack
garouhc04                       // Hack
ganryuhc01                      // Hack
gowcaizrhc01                    // Hack
gowcaizrhc02                    // Hack
gowcaizrhc03                    // Hack
gpilotshc01                     // Hack
kabukiklhc01                    // Hack
kabukiklhc02                    // Hack
kabukiklhc03                    // Hack
karnovrhc01                     // Hack
karnovrhc02                     // Hack
karnovrhc03                     // Hack
kizunahc01                      // Hack
kizunahc02                      // Hack
kizunahc03                      // Hack
kof10thhc01                     // Hack
kof10thhc02                     // Hack
kof94hc01                       // Hack
kof94hc02                       // Hack
kof94hc03                       // Hack
kof94hc04                       // Hack
kof94hc05                       // Hack
kof94hc06                       // Hack
kof94hc07                       // Hack
kof95hc01                       // Hack
kof95hc02                       // Hack
kof95hc03                       // Hack
kof95hc04                       // Hack
kof95hc05                       // Hack
kof95hc06                       // Hack
kof96hc01                       // Hack
kof96hc02                       // Hack
kof96hc03                       // Hack
kof96hc04                       // Hack
kof96hc05                       // Hack
kof96hc06                       // Hack
kof96hc07                       // Hack
kof96hc08                       // Hack
kof96hc09                       // Hack
kof97hc01                       // Hack
kof97hc02                       // Hack
kof97hc03                       // Hack
kof97hc04                       // Hack
kof97hc05                       // Hack
kof97hc06                       // Hack
kof97hc07                       // Hack
kof97hc08                       // Hack
kof97hc09                       // Hack
kof97hc10                       // Hack
kof97hc11                       // Hack
kof97hc12                       // Hack
kof97hc13                       // Hack
kof97hc14                       // Hack
kof97hc15                       // Hack
kof97hc16                       // Hack
kof97hc17                       // Hack
kof97hc18                       // Hack
kof97hc19                       // Hack
kof97hc20                       // Hack
kof97hc21                       // Hack
kof97hc22                       // Hack
kof97hc23                       // Hack
kof97hc24                       // Hack
kof97hc25                       // Hack
kof97hc26                       // Hack
kof97hc27                       // Hack
kof97hc28                       // Hack
kof97hc29                       // Hack
kof97hc30                       // Hack
kof97hc31                       // Hack
kof98hc01                       // Hack
kof98hc02                       // Hack
kof98hc03                       // Hack
kof98hc04                       // Hack
kof98hc05                       // Hack
kof98hc06                       // Hack
kof98hc07                       // Hack
kof98hc08                       // Hack
kof98hc09                       // Hack
kof98hc10                       // Hack
kof98hc11                       // Hack
kof98hc12                       // Hack
kof98hc13                       // Hack
kof98hc14                       // Hack
kof98hc15                       // Hack
kof98hc16                       // Hack
kof98hc17                       // Hack
kof98hc18                       // Hack
kof98hc19                       // Hack
kof98hc20                       // Hack
kof98hc21                       // Hack
kof98hc22                       // Hack
kof98hc23                       // Hack
kof98hc24                       // Hack
kof99hc01                       // Hack
kof99hc02                       // Hack
kof99hc03                       // Hack
kof99hc04                       // Hack
kof99hc05                       // Hack
kof99hc06                       // Hack
kof99hc07                       // Hack
kof99hc08                       // Hack
kof99hc09                       // Hack
kof99hc10                       // Hack
kof99hc11                       // Hack
kof99hc12                       // Hack
kof99hc13                       // Hack
kof2000hc01                     // Hack
kof2000hc02                     // Hack
kof2000hc03                     // Hack
kof2000hc04                     // Hack
kof2000hc05                     // Hack
kof2000hc06                     // Hack
kof2000hc07                     // Hack
kof2000hc08                     // Hack
kof2000hc09                     // Hack
kof2000hc10                     // Hack
kof2001hc01                     // Hack
kof2001hc02                     // Hack
kof2001hc03                     // Hack
kof2001hc04                     // Hack
kof2001hc05                     // Hack
kof2001hc06                     // Hack
kof2002hc01                     // Hack
kof2002hc02                     // Hack
kof2002hc03                     // Hack
kof2002hc04                     // Hack
kof2002hc05                     // Hack
kof2002hc06                     // Hack
kof2002hc07                     // Hack
kof2002hc08                     // Hack
kof2002hc09                     // Hack
kof2002hc10                     // Hack
kof2002hc11                     // Hack
kof2002hc12                     // Hack
kof2002hc13                     // Hack
kof2002hc14                     // Hack
kof2002hc15                     // Hack
kof2002hc16                     // Hack
kof2002hc17                     // Hack
kof2002hc18                     // Hack
kof2002hc19                     // Hack
kof2002hc20                     // Hack
kof2002hc21                     // Hack
kof2002hc22                     // Hack
kof2002hc23                     // Hack
kof2002hc24                     // Hack
kof2003hc01                     // Hack
kof2003hc02                     // Hack
kof2003hc03                     // Hack
kof2003hc04                     // Hack
kof2003hc05                     // Hack
lans2004hc01                    // Hack
lastbladhc01                    // Hack
lastbladhc02                    // Hack
lastbladhc03                    // Hack
lastbladhc04                    // Hack
lastbladhc05                    // Hack
lastbladhc06                    // Hack
lastbladhc07                    // Hack
lastbld2hc01                    // Hack
lastbld2hc02                    // Hack
lastbld2hc03                    // Hack
lastbld2hc04                    // Hack
lastbld2hc05                    // Hack
lastbld2hc06                    // Hack
lastbld2hc07                    // Hack
lastbld2hc08                    // Hack
lastbld2hc09                    // Hack
magdrop3hc01                    // Hack
magdrop3hc02                    // Hack
magdrop3hc03                    // Hack
maglordhc01                     // Hack
maglordhc02                     // Hack
matrimhc01                      // Hack  
matrimhc02                      // Hack
matrimhc03                      // Hack
miexchnghc01                    // Hack
mslughc01                       // Hack
mslughc02                       // Hack
mslughc03                       // Hack
mslughc04                       // Hack
mslughc05                       // Hack
mslughc06                       // Hack
mslughc07                       // Hack
mslughc08                       // Hack
mslughc09                       // Hack
mslughc10                       // Hack
mslughc11                       // Hack
mslughc12                       // Hack
mslughc13                       // Hack
mslughc14                       // Hack
mslughc15                       // Hack
mslughc16                       // Hack
mslug2hc01                      // Hack
mslug2hc02                      // Hack
mslug2hc03                      // Hack
mslug2hc04                      // Hack
mslug2hc05                      // Hack
mslug2hc06                      // Hack
mslug2hc07                      // Hack
mslug2hc08                      // Hack
mslug2hc09                      // Hack
mslug2hc10                      // Hack
mslug2hc11                      // Hack
mslug2hc12                      // Hack
mslug2hc13                      // Hack
mslug2hc14                      // Hack
mslug2hc15                      // Hack
mslug2hc16                      // Hack
mslug2hc17                      // Hack
mslug2hc18                      // Hack
mslug2hc19                      // Hack
mslug2hc20                      // Hack
mslug3hc01                      // Hack
mslug3hc02                      // Hack
mslug3hc03                      // Hack
mslug3hc04                      // Hack
mslug3hc05                      // Hack
mslug3hc06                      // Hack
mslug3hc07                      // Hack
mslug3hc08                      // Hack
mslug3hc09                      // Hack
mslug3hc10                      // Hack
mslug3hc11                      // Hack
mslug3hc12                      // Hack
mslug3hc13                      // Hack
mslug3hc14                      // Hack
mslug3hc15                      // Hack
mslug3hc16                      // Hack
mslug3hc17                      // Hack
mslug3hc18                      // Hack
mslug3hc19                      // Hack
mslug3hc20                      // Hack
mslug3hc21                      // Hack
mslug3hc22                      // Hack
mslug3hc23                      // Hack
mslug3hc24                      // Hack
mslug3hc25                      // Hack
mslug3hc26                      // Hack
mslug3hc27                      // Hack
mslug3hc28                      // Hack
mslug3hc29                      // Hack
mslug3hc30                      // Hack
mslug3hc31                      // Hack
mslug3hc32                      // Hack
mslug3hc33                      // Hack
mslug3hc34                      // Hack
mslug3hc35                      // Hack
mslug3hc36                      // Hack
mslug3hc37                      // Hack
mslug3hc38                      // Hack
mslug3hc39                      // Hack
mslug3hc40                      // Hack
mslug3hc41                      // Hack
mslug4hc01                      // Hack
mslug4hc02                      // Hack
mslug4hc03                      // Hack
mslug4hc04                      // Hack
mslug4hc05                      // Hack
mslug4hc06                      // Hack
mslug4hc07                      // Hack
mslug4hc08                      // Hack
mslug4hc09                      // Hack
mslug4hc10                      // Hack
mslug4hc11                      // Hack
mslug4hc12                      // Hack
mslug4hc13                      // Hack
mslug4hc14                      // Hack
mslug4hc15                      // Hack
mslug4hc16                      // Hack
mslug4hc17                      // Hack
mslug4hc18                      // Hack
mslug4hc19                      // Hack
mslug4hc20                      // Hack
mslug4hc21                      // Hack
mslug4hc22                      // Hack
mslug4hc23                      // Hack
mslug4hc24                      // Hack
mslug4hc25                      // Hack
mslug4hc26                      // Hack
mslug5hc01                      // Hack
mslug5hc02                      // Hack
mslug5hc03                      // Hack
mslug5hc04                      // Hack
mslug5hc05                      // Hack
mslug5hc06                      // Hack
mslug5hc07                      // Hack
mslug5hc08                      // Hack
mslug5hc09                      // Hack
mslug5hc10                      // Hack
mslug5hc11                      // Hack
mslug5hc12                      // Hack
mslug5hc13                      // Hack
mslug5hc14                      // Hack
mslug5hc15                      // Hack
mslug5hc16                      // Hack
mslug5hc17                      // Hack
mslug5hc18                      // Hack
mslug5hc19                      // Hack
mslug5hc20                      // Hack
mslug5hc21                      // Hack
mslug5hc22                      // Hack
mslug5hc23                      // Hack
mslug5hc24                      // Hack
mslug5hc25                      // Hack
mslug5hc26                      // Hack
mslug5hc27                      // Hack
mslug5hc28                      // Hack
mslug5hc29                      // Hack
mslug5hc30                      // Hack
mslug5hc31                      // Hack
mslugxhc01                      // Hack
mslugxhc02                      // Hack
mslugxhc03                      // Hack
mslugxhc04                      // Hack
mslugxhc05                      // Hack
mslugxhc06                      // Hack
mslugxhc07                      // Hack
mslugxhc08                      // Hack
mslugxhc09                      // Hack
mslugxhc10                      // Hack
mslugxhc11                      // Hack
mslugxhc12                      // Hack
mslugxhc13                      // Hack
mslugxhc14                      // Hack
mslugxhc15                      // Hack
mslugxhc16                      // Hack
mslugxhc17                      // Hack
mslugxhc18                      // Hack
mslugxhc19                      // Hack
mslugxhc20                      // Hack
mslugxhc21                      // Hack
mslugxhc22                      // Hack
mslugxhc23                      // Hack
mslugxhc24                      // Hack
mslugxhc25                      // Hack
mslugxhc26                      // Hack
mslugxhc27                      // Hack
mslugxhc28                      // Hack
mslugxhc29                      // Hack
mslugxhc30                      // Hack
mslugxhc31                      // Hack
mslugxhc32                      // Hack
mslugxhc33                      // Hack
mslugxhc34                      // Hack
mslugxhc35                      // Hack
mslugxhc36                      // Hack
mutnathc01                      // Hack
nam1975hc01                     // Hack
neocup98hc01                    // Hack
ninjamashc01                    // Hack
ninjamashc02                    // Hack
ninjamashc03                    // Hack
nitdhc01                        // Hack
nitdhc02                        // Hack
pbobblenhc01                    // Hack
pbobblenhc02                    // Hack
pbobblenhc03                    // Hack
puzzledphc01                    // Hack
puzzldprhc01                    // Hack
ragnagrdhc01                    // Hack
ragnagrdhc02                    // Hack
rbffspechc01                    // Hack
rbff2hc01                       // Hack
rotdhc01                        // Hack
rotdhc02                        // Hack
rotdhc03                        // Hack
rotdhc04                        // Hack
s1945phc01                      // Hack
s1945phc02                      // Hack
samshohc01                      // Hack
samshohc02                      // Hack
samshohc03                      // Hack
samsho2hc01                     // Hack
samsho2hc02                     // Hack
samsho2hc03                     // Hack
samsho2hc04                     // Hack
samsho2hc05                     // Hack
samsho2hc06                     // Hack
samsho3hc01                     // Hack
samsho3hc02                     // Hack
samsho4hc01                     // Hack
samsho4hc02                     // Hack
samsho4hc03                     // Hack
samsho4hc04                     // Hack
samsho4hc05                     // Hack
samsho4hc06                     // Hack
samsho5hc01                     // Hack
samsho5hc02                     // Hack
samsho5hc03                     // Hack
samsho5hc04                     // Hack
samsho5hc05                     // Hack
samsh5sphc01                    // Hack
samsh5sphc02                    // Hack
samsh5sphc03                    // Hack
samsh5sphc04                    // Hack
samsh5sphc05                    // Hack
savagerehc01                    // Hack
savagerehc02                    // Hack
savagerehc03                    // Hack
sdodgebhc01                     // Hack
sdodgebhc02                     // Hack
sengoku3hc01                    // Hack
sengoku3hc02                    // Hack
sengoku3hc03                    // Hack
sengoku3hc04                    // Hack
sengoku3hc05                    // Hack
sengoku3hc06                    // Hack
sengoku3hc07                    // Hack
shocktrohc01                    // Hack
shocktr2hc01                    // Hack
sonicwi2hc01                    // Hack
sonicwi3hc01                    // Hack
sonicwi3hc02                    // Hack
spinmasthc01                    // Hack
svchc01                         // Hack
svchc02                         // Hack
tophuntrhc01                    // Hack
turfmasthc01                    // Hack
twinsprihc01                    // Hack
viewpoinhc01                    // Hack
viewpoinhc02                    // Hack
wakuwak7hc01                    // Hack
wakuwak7hc02                    // Hack
wakuwak7hc03                    // Hack
wjammershc01                    // Hack
wjammershc02                    // Hack
wjammershc03                    // Hack
wh1hc01                         // Hack
wh1hc02                         // Hack
wh2hc01                         // Hack
wh2hc02                         // Hack
wh2hc03                         // Hack
wh2jhc01                        // Hack
wh2jhc02                        // Hack
whphc01                         // Hack
whphc02                         // Hack
whphc03                         // Hack
zintrckbhc01                    // Hack

@source:cps1.cpp
1941                            // 27/02/1990 (c) 1990 (World)
1941j                           // 2/1990 (c) 1990 (Japan)
1941r1                          // 2/1990 (c) 1990 (World)
1941u                           // 27/02/1990 (c) 1990 (USA)
3wonders                        // 20/05/1991 (c) 1991 (World)
3wondersb                       // bootleg
3wondersh                       // hack
3wondersr1                      // 13/05/1991 (c) 1991 (World)
3wondersu                       // 20/05/1991 (c) 1991 (USA)
area88                          // 8/1989 (c) 1989 (Japan)
area88r                         // 8/1989 (c) 1989 (Japan)
captcomm                        // 02/12/1991 (c) 1991 (World)
captcommb                       // bootleg
captcommj                       // 02/12/1991 (c) 1991 (Japan)
captcommjr1                     // 28/09/1991 (c) 1991 (Japan)
captcommr1                      // 14/10/1991 (c) 1991 (World)
captcommu                       // 28/09/1991 (c) 1991 (USA)
cawing                          // 12/10/1990 (c) 1990 (World)
cawingjr
cawingj                         // 12/10/1990 (c) 1990 (Japan)
cawingr1                        // 09/10/1990 (c) 1990 (World)
cawingu                         // 30/11/1990 (c) 1990 (USA)
cawingur1                       // 12/10/1990 (c) 1990 (USA)
chikij                          // 19/06/1990 (c) 1990 (Japan)
cworld2j                        // 11/06/1992 (c) 1992 (Japan)
cworld2ja                       // 11/06/1992 (c) 1992 (Japan)
cworld2jb                       // 11/06/1992 (c) 1992 (Japan)
daimakai                        // 12/1988 (c) 1988 (Japan)
daimakair                       // 12/1988 (c) 1988 (Japan)
dino                            // 01/02/1993 (c) 1993 (World) (CPS1 + QSound)
dinohunt                        // bootleg
dinoa                           // 23/02/1993 (c) 1993 (Asia TW) (CPS1 + QSound)
dinoj                           // 01/02/1993 (c) 1993 (Japan) (CPS1 + QSound)
dinou                           // 01/02/1993 (c) 1993 (USA) (CPS1 + QSound)
dynwar                          // 4/1989 (c) 1989 (USA)
dynwara                         // 4/1989 (c) 1989 (USA)
dynwarj                         // 4/1989 (c) 1989 (Japan)
dynwarjr                        // 4/1989 (c) 1989 (Japan)
ffight                          // 12/1989 (c) 1989 (World)
ffighta                         // 12/1989 (c) 1989 (World)
ffightae                        // hack
ffightj                         // 12/1989 (c) 1989 (Japan)
ffightj1                        // 12/01/1990 (c) 1989 (Japan)
ffightj2                        // 05/03/1990 (c) 1989 (Japan)
ffightj3                        // 05/04/1990 (c) 1989 (Japan)
ffightj4                        // 13/06/1990 (c) 1989 (Japan)
ffightjh                        // hack
ffightu                         // 12/1989 (c) 1989 (USA)
ffightu1                        // 12/1989 (c) 1989 (USA)
ffightua                        // 12/01/1990 (c) 1989 (USA)
ffightub                        // 24/04/1990 (c) 1989 (USA)
ffightuc                        // 12/06/1990 (c) 1989 (USA)
forgottn                        // 7/1988 (c) 1988 (World)
forgottna                       // 7/1988 (c) 1988 (World)
forgottnj                       // 7/1988 (c) 1988 (Japan)
forgottnu                       // 7/1988 (c) 1988 (USA)
forgottnua                      // 7/1988 (c) 1988 (USA)
forgottnuc                      // 7/1988 (c) 1988 (USA)
forgottnue                      // 7/1988 (c) 1988 (USA)
forgottnuaa                     // 7/1988 (c) 1988 (USA)
ganbare                         // 11/04/2000 (c) 2000 (Japan)
ghouls                          // 12/1988 (c) 1988 (World)
ghoulsu                         // 12/1988 (c) 1988 (USA)
gulunpa                         //
hkittymp                        // 12/07/1996 (c) 1996 (Japan)
knights                         // 27/11/1991 (c) 1991 (World)
knightsb2                       // bootleg
knightsj                        // 27/11/1991 (c) 1991 (Japan)
knightsja                       // 27/11/1991 (c) 1991 (Japan)
knightsu                        // 27/11/1991 (c) 1991 (USA)
kod                             // 05/08/1991 (c) 1991 (World)
kodj                            // 05/08/1991 (c) 1991 (Japan)
kodja                           // 05/08/1991 (c) 1991 (Japan)
kodr1                           // 11/07/1991 (c) 1991 (World)
kodr2                           // 31/07/1991 (c) 1991 (World)
kodu                            // 10/09/1991 (c) 1991 (USA)
lostwrld                        // 7/1988 (c) 1988 (Japan)
lostwrldo                       // 7/1988 (c) 1988 (Japan)
mbomberj                        // 13/07/1993 (c) 1993 (Japan) (CPS1 + QSound)
mbombrd                         // 06/12/1993 (c) 1993 (World) (CPS1 + QSound)
mbombrdj                        // 06/12/1993 (c) 1993 (Japan) (CPS1 + QSound)
megaman                         // 06/10/1995 (c) 1995 (USA)
megamana                        // 06/10/1995 (c) 1995 (Asia)
mercs                           // 02/03/1990 (c) 1990 (World)
mercsj                          // 02/03/1990 (c) 1990 (Japan)
mercsu                          // 08/06/1990 (c) 1990 (USA)
mercsur1                        // 02/03/1990 (c) 1990 (USA)
msword                          // 25/07/1990 (c) 1990 (World)
mswordj                         // 23/06/1990 (c) 1990 (Japan)
mswordr1                        // 23/06/1990 (c) 1990 (World)
mswordu                         // 25/07/1990 (c) 1990 (USA)
mtwins                          // 19/06/1990 (c) 1990 (World)
nemo                            // 30/11/1990 (c) 1990 (World)
nemoj                           // 20/11/1990 (c) 1990 (Japan)
nemor1                          // 09/11/1990 (c) 1990 (World)
pang3                           // 01/06/1995 (c) 1995 Mitchell (Euro) not listed on Capcom's site
pang3b                          // bootleg
pang3b2                         // bootleg
pang3b3                         // bootleg
pang3j                          // 11/05/1995 (c) 1995 Mitchell (Japan) not listed on Capcom's site
pang3r1                         // 11/05/1995 (c) 1995 Mitchell (Euro) not listed on Capcom's site
pang3b4                         // bootleg
pang3b5                         // bootleg
pnickj                          // 08/06/1994 (c) 1994 Compile + Capcom license (Japan) not listed on Capcom's site
punisher                        // 22/04/1993 (c) 1993 (World) (CPS1 + QSound)
punisherbz                      // bootleg
punisherh                       // 22/04/1993 (c) 1993 (Hispanic) (CPS1 + QSound)
punisherj                       // 22/04/1993 (c) 1993 (Japan) (CPS1 + QSound)
punisheru                       // 22/04/1993 (c) 1993 (USA) (CPS1 + QSound)
qad                             // 01/07/1992 (c) 1992 (USA)
qadjr                           // 21/09/1994 (c) 1994 (Japan)
qtono2j                         // 23/01/1995 (c) 1995 (Japan)
rockmanj                        // 22/09/1995 (c) 1995 (Japan)
pokonyan
sf2                             // 22/05/1991 (c) 1991 (World)
sf2acc                          // hack
sf2acca                         // hack
sf2accp2                        // hack
sf2amf                          // bootleg (Deactivated)
sf2amf2                         // bootleg
sf2amf3                         // bootleg
sf2bhh                          // hack
sf2ce                           // 13/05/1992 (c) 1992 (World)
sf2ceblp                        // hack
sf2cebltw                       // hack
sf2ceea                         // 13/03/1992 (c) 1992 (World)
sf2ceec                         // 03/08/1992 (c) 1992 (World)
sf2ceja                         // 22/03/1992 (c) 1992 (Japan)
sf2cejb                         // 13/05/1992 (c) 1992 (Japan)
sf2cejc                         // 03/08/1992 (c) 1992 (Japan)
sf2cet                          // 13/03/1992 (c) 1992 (Taiwan)
sf2ceupl                        // 03/08/1992 (c) 1992 (Japan)
sf2ceua                         // 13/03/1992 (c) 1992 (USA)
sf2ceub                         // 13/05/1992 (c) 1992 (USA)
sf2ceuc                         // 03/08/1992 (c) 1992 (USA)
sf2dkot2                        // hack
sf2dongb                        // hack
sf2ea                           // 04/02/1991 (c) 1991 (World)
sf2eb                           // 14/02/1991 (c) 1991 (World)
sf2ebbl                         // 14/02/1991 (c) 1991 (World, bootleg)
sf2ebbl2                        // 14/02/1991 (c) 1991 (World, bootleg)
sf2ebbl3                        // 14/02/1991 (c) 1991 (World, bootleg)
sf2ed                           // 18/03/1991 (c) 1991 (World)
sf2ee                           // 28/02/1991 (c) 1991 (World)
sf2ef                           // 11/04/1991 (c) 1991 (World)
sf2em                           // 29/01/1991 (c) 1991 (World)
sf2en                           // 04/02/1991 (c) 1991 (World, conversion)
sf2hf                           // 09/12/1992 (c) 1992 (World)
sf2hfj                          // 09/12/1992 (c) 1992 (Japan)
sf2hfu                          // 09/12/1992 (c) 1992 (USA)
sf2j                            // 10/12/1991 (c) 1991 (Japan, CPS-B-13)
sf2j17                          // 10/12/1991 (c) 1991 (Japan, CPS-B-17)
sf2ja                           // 14/02/1991 (c) 1991 (Japan)
sf2jc                           // 06/03/1991 (c) 1991 (Japan)
sf2jf                           // 11/04/1991 (c) 1991 (Japan)
sf2jh                           // 22/05/1991 (c) 1991 (Japan)
sf2jl                           // 12/03/1992 (c) 1991 (Japan)
sf2koryu                        // hack
sf2level                        // hack
sf2ceuab8                       // bootleg
sf2mega                         // hack
sf2ceuabl                       // hack
sf2rb4                          // hack
sf2amf9                         // hack
sf2koryu3                       // hack
sf2amf4                         // hack
sf2ceuab2                       // bootleg
sf2mkot                         // hack
sf2qp1                          // hack
sf2qp2                          // hack
sf2rb                           // hack
sf2rb2                          // hack
sf2rb3                          // hack
sf2re                           // bootleg
sf2red                          // hack
sf2reda                         // bootleg
sf2redp2                        // hack
sf2rk                           // bootleg
sf2rules                        // bootleg
sf2stt                          // bootleg (Deactivated)
sf2thndr                        // hack
sf2thndr2                       // bootleg
sf2ua                           // 06/02/1991 (c) 1991 (USA)
sf2ub                           // 14/02/1991 (c) 1991 (USA)
sf2uc                           // 06/03/1991 (c) 1991 (USA)
sf2ud                           // 18/03/1991 (c) 1991 (USA)
sf2ue                           // 28/02/1991 (c) 1991 (USA)
sf2uf                           // 11/04/1991 (c) 1991 (USA)
sf2ug                           // 22/05/1991 (c) 1991 (USA, Rev. G)
sf2uh                           // 22/05/1991 (c) 1991 (USA, Rev. H)
sf2ui                           // 22/05/1991 (c) 1991 (USA, Rev. I)
sf2uk                           // 01/11/1991 (c) 1991 (USA)
sf2um                           // 12/03/1992 (c) 1991 (USA)
sf2v004                         // hack
sf2yyc                          // hack
sf2ceds6                        // bootleg
sf2cems6a                       // bootleg
sf2cems6b                       // bootleg
sf2cems6c                       // bootleg
sfach                           // CPS Changer (Street Fighter Alpha)
sfzbch                          // CPS Changer (Street Fighter ZERO Brazil)
sfzch                           // CPS Changer (Street Fighter ZERO)
slammast                        // 13/07/1993 (c) 1993 (World) (CPS1 + QSound)
slammastu                       // 13/07/1993 (c) 1993 (USA) (CPS1 + QSound)
strider                         // 3/1989 (c) 1989 (not explicitly stated but should be USA)
striderj                        // 3/1989 (c) 1989 (Japan)
striderjr                       // 3/1989 (c) 1989 (Japan)
striderua                       // 3/1989 (c) 1989 (not explicitly stated but should be USA)
strideruc                       // conversion
unsquad                         // 8/1989 (c) 1989 (USA)
varth                           // 14/07/1992 (c) 1992 (World)
varthb2                         // bootleg
varthj                          // 14/07/1992 (c) 1992 (Japan)
varthjr                         // 14/07/1992 (c) 1992 (Japan)
varthr1                         // 12/06/1992 (c) 1992 (World)
varthu                          // 12/06/1992 (c) 1992 (USA)
willow                          // 6/1989 (c) 1989 (World)
willowj                         // 6/1989 (c) 1989 (Japan)
willowu                         // 6/1989 (c) 1989 (USA)
willowuo                        // 6/1989 (c) 1989 (USA)
wof                             // 31/10/1992 (c) 1992 (World) (CPS1 + QSound)
wofa                            // 05/10/1992 (c) 1992 (Asia)  (CPS1 + QSound)
wofch                           // CPS Changer (Tenchi Wo Kurau II)
wofhfh                          // bootleg
wofj                            // 31/10/1992 (c) 1992 (Japan) (CPS1 + QSound)
wofr1                           // 02/10/1992 (c) 1992 (World) (CPS1 + QSound)
wofu                            // 31/10/1992 (c) 1992 (USA) (CPS1 + QSound)
wonder3                         // 20/05/1991 (c) 1991 (Japan)

@source:cps1bl_5205.cpp
captcommb2                      // bootleg
//captcommb3                      // bootleg
knightsb                        // bootleg
knightsb3                       // bootleg
knightsb4                       // bootleg
sf2b                            // bootleg
sf2b2                           // bootleg
sf2b5                           // bootleg
sf2ceb                          // bootleg
sf2ceb2                         // bootleg
sf2ceb3                         // bootleg
sf2ceb4                         // bootleg
sf2ceb5                         // bootleg
sf2mdt                          // bootleg
sf2mdta                         // bootleg
sf2mdtb                         // bootleg

@source:cps1bl_pic.cpp
dinopic                         // bootleg
dinopic2                        // bootleg
dinopic3                        // bootleg
dinopic4                        // bootleg
jurassic99                      // bootleg
punipic                         // bootleg
punipic2                        // bootleg
punipic3                        // bootleg
slampic                         // bootleg
slampic2                        // bootleg
wofpic                          // bootleg

@source:cps2.cpp
1944                            // 20/06/2000 (c) 2000 Eighting/Raizing (Euro)
1944d                           //
1944j                           // 20/06/2000 (c) 2000 Eighting/Raizing (Japan)
1944u                           // 20/06/2000 (c) 2000 Eighting/Raizing (USA)
1944n                           // 20/06/2000 (c) 2000 Eighting/Raizing (Euro)
19xx                            // 04/01/1996 (c) 1996 (Euro)
19xxu                           // 07/12/1995 (c) 1996 (USA)
19xxa                           // 04/01/1996 (c) 1996 (Asia)
19xxar1                         // 07/12/1995 (c) 1996 (Asia)
19xxb                           // 18/12/1995 (c) 1996 (Brazil)
19xxd                           //
19xxh                           // 18/12/1995 (c) 1996 (Hispanic)
19xxj                           // 04/01/1996 (c) 1996 (Japan)
19xxjr1                         // 25/12/1995 (c) 1996 (Japan)
19xxjr2                         // 07/12/1995 (c) 1996 (Japan)
armwar                          // 24/10/1994 (c) 1994 (Euro)
armwar1d                        //
armwara                         // 24/10/1994 (c) 1994 (Asia)
armwarar1                       // 20/09/1994 (c) 1994 (Asia)
armwarb                         // 24/10/1994 (c) 1994 (Brazil)
armwarr1                        // 11/10/1994 (c) 1994 (Euro)
armwaru                         // 24/10/1994 (c) 1994 (USA)
armwaru1                        // 20/09/1994 (c) 1994 (USA)
avsp                            // 20/05/1994 (c) 1994 (Euro)
avspa                           // 20/05/1994 (c) 1994 (Asia)
avspd                           //
avsph                           // 20/05/1994 (c) 1994 (Hispanic)
avspj                           // 20/05/1994 (c) 1994 (Japan)
avspu                           // 20/05/1994 (c) 1994 (USA)
avspud                          //
avspn                           // 20/05/1994 (c) 1994 (Euro)
batcir                          // 19/03/1997 (c) 1997 (Euro)
batcira                         // 19/03/1997 (c) 1997 (Asia)
batcird                         //
batcirj                         // 19/03/1997 (c) 1997 (Japan)
choko                           // 20/08/2001 (c) 2001 Mitchell (Japan)
chokop                          //
csclub                          // 17/10/1997 (c) 1997 (Euro)
csclub1                         // 22/07/1997 (c) 1997 (Euro)
csclub1d                        //
cscluba                         // 22/07/1997 (c) 1997 (Asia)
csclubh                         // 22/07/1997 (c) 1997 (Hispanic)
csclubj                         // 22/07/1997 (c) 1997 (Japan)
csclubjy                        // 22/07/1997 (c) 1997 (Japan)
cybots                          // 24/04/1995 (c) 1995 (Euro)
cybotsj                         // 20/04/1995 (c) 1995 (Japan)
cybotsjd                        //
cybotsu                         // 24/04/1995 (c) 1995 (USA)
cybotsud                        //
ddsom                           // 19/06/1996 (c) 1996 (Euro)
ddsoma                          // 19/06/1996 (c) 1996 (Asia)
ddsomar1                        // 08/02/1996 (c) 1996 (Asia)
ddsomb                          // 23/02/1996 (c) 1996 (Brazil)
ddsomh                          // 23/02/1996 (c) 1996 (Hispanic)
ddsomj                          // 19/06/1996 (c) 1996 (Japan)
ddsomjr1                        // 06/02/1996 (c) 1996 (Japan)
ddsomjr2                        // 23/02/1996 (c) 1996 (Japan)
ddsomr1                         // 23/02/1996 (c) 1996 (Euro)
ddsomr2                         // 09/02/1996 (c) 1996 (Euro)
ddsomr3                         // 08/02/1996 (c) 1996 (Euro)
ddsomu                          // 19/06/1996 (c) 1996 (USA)
ddsomud                         //
ddsomur1                        // 09/02/1996 (c) 1996 (USA)
ddtod                           // 12/04/1994 (c) 1993 (Euro)
ddtoda                          // 12/04/1994 (c) 1993 (Asia)
ddtodar1                        // 13/01/1994 (c) 1993 (Asia)
ddtodd                          //
ddtodh                          // 12/04/1994 (c) 1993 (Hispanic)
ddtodhr1                        // 25/01/1994 (c) 1993 (Hispanic)
ddtodhr2                        // 13/01/1994 (c) 1993 (Hispanic)
ddtodj                          // 12/04/1994 (c) 1993 (Japan)
ddtodjr1                        // 25/01/1994 (c) 1993 (Japan)
ddtodjr2                        // 13/01/1994 (c) 1993 (Japan)
ddtodr1                         // 13/01/1994 (c) 1993 (Euro)
ddtodu                          // 25/01/1994 (c) 1993 (USA)
ddtodur1                        // 13/01/1994 (c) 1993 (USA)
dimahoo                         // 21/01/2000 (c) 2000 Eighting/Raizing (USA)
dimahoou                        // 21/01/2000 (c) 2000 Eighting/Raizing (USA)
dimahoud                        //
dstlk                           // 05/07/1994 (c) 1994 (Euro)
dstlka                          // 05/07/1994 (c) 1994 (Asia)
dstlkh                          // 18/08/1994 (c) 1994 (Hispanic)
dstlku                          // 18/08/1994 (c) 1994 (USA)
dstlku1d                        //
dstlkur1                        // 05/07/1994 (c) 1994 (USA)
ecofghtr                        // 03/12/1993 (c) 1994 (World)
ecofghtra                       // 03/12/1993 (c) 1994 (Asia)
ecofghtrd                       //
ecofghtrh                       // 03/12/1993 (c) 1994 (Hispanic)
ecofghtru                       // 15/02/1994 (c) 1994 (USA)
ecofghtru1                      // 03/12/1993 (c) 1994 (USA)
gigaman2                        // bootleg
gigawing                        // 22/02/1999 (c) 1999 Takumi (USA)
gigawinga                       // 22/02/1999 (c) 1999 Takumi (Asia)
gigawingb                       // 22/02/1999 (c) 1999 Takumi (Brazil)
gigawingd                       //
gigawingh                       // 22/02/1999 (c) 1999 Takumi (Hispanic)
gigawingj                       // 23/02/1999 (c) 1999 Takumi (Japan)
gigawingjd                      //
gmahou                          // 21/01/2000 (c) 2000 Eighting/Raizing (Japan)
hsf2                            // 02/02/2004 (c) 2003, 2004 (USA)
hsf2a                           // 02/02/2004 (c) 2003, 2004 (Asia)
hsf2d                           //
hsf2j                           // 02/02/2004 (c) 2003, 2004 (Japan)
hsf2j1                          // 22/12/2003 (c) 2003, 2004 (Japan)
hsf2j2                          //
jyangoku                        // 27/05/1999 (c) 1999 (Japan)
megaman2                        // 08/07/1996 (c) 1996 (USA)
megaman2a                       // 08/07/1996 (c) 1996 (Asia)
megaman2h                       // 12/07/1996 (c) 1996 (Hispanic)
megamn2d                        //
mmancp2u                        // 06/10/1995 (c) 1995 (USA)
mmancp2ur1                      // 26/09/1995 (c) 1995 (USA)
mmancp2ur2                      // 25/09/1995 (c) 1995 (USA)
mmatrix                         // 12/04/2000 (c) 2000 Takumi (USA)
mmatrixa                        // 12/04/2000 (c) 2000 Takumi (Asia)
mmatrixd                        //
mmatrixj                        // 12/04/2000 (c) 2000 Takumi (Japan)
mpang                           // 10/10/2000 (c) 2000 Mitchell (Euro)
mpangj                          // 11/10/2000 (c) 2000 Mitchell (Japan)
mpangr1                         // 25/09/2000 (c) 2000 Mitchell (Euro)
mpangu                          // 10/10/2000 (c) 2000 Mitchell (USA)
mpanga                          // 10/10/2000 (c) 2000 Mitchell (Asia)
mpangjd                         //
msh                             // 24/10/1995 (c) 1995 (Euro)
msha                            // 24/10/1995 (c) 1995 (Asia)
mshb                            // 17/11/1995 (c) 1995 (Brazil)
mshbr1                          // 24/10/1995 (c) 1995 (Brazil)
mshh                            // 17/11/1995 (c) 1995 (Hispanic)
mshj                            // 17/11/1995 (c) 1995 (Japan)
mshjr1                          // 24/10/1995 (c) 1995 (Japan)
mshu                            // 24/10/1995 (c) 1995 (USA)
mshud                           //
mshvsf                          // 25/06/1997 (c) 1997 (Euro)
mshvsfa                         // 25/06/1997 (c) 1997 (Asia)
mshvsfa1                        // 20/06/1997 (c) 1997 (Asia)
mshvsfb                         // 27/08/1997 (c) 1997 (Brazil)
mshvsfb1                        // 25/06/1997 (c) 1997 (Brazil)
mshvsfh                         // 25/06/1997 (c) 1997 (Hispanic)
mshvsfj                         // 07/07/1997 (c) 1997 (Japan)
mshvsfj1                        // 02/07/1997 (c) 1997 (Japan)
mshvsfj2                        // 25/06/1997 (c) 1997 (Japan)
mshvsfu                         // 27/08/1997 (c) 1997 (USA)
mshvsfu1                        // 25/06/1997 (c) 1997 (USA)
mshvsfu1d                       //
mvsc                            // 23/01/1998 (c) 1998 (Euro)
mvsca                           // 23/01/1998 (c) 1998 (Asia)
mvscar1                         // 12/01/1998 (c) 1998 (Asia)
mvscb                           // 23/01/1998 (c) 1998 (Brazil)
mvsch                           // 23/01/1998 (c) 1998 (Hispanic)
mvscj                           // 23/01/1998 (c) 1998 (Japan)
mvscjr1                         // 12/01/1998 (c) 1998 (Japan)
mvscjsing                       // 23/01/1998 (c) 1998 (Japan) - Single PCB
mvscr1                          // 12/01/1998 (c) 1998 (Euro)
mvscu                           // 23/01/1998 (c) 1998 (USA)
mvscud                          //
mvscur1                         // 23/01/1998 (c) 1998 (USA)
nwarr                           // 16/03/1995 (c) 1995 (Euro)
nwarra                          // 02/03/1995 (c) 1995 (Asia)
nwarrb                          // 03/04/1995 (c) 1995 (Brazil)
nwarrh                          // 03/04/1995 (c) 1995 (Hispanic)
nwarru                          // 06/04/1995 (c) 1995 (USA)
nwarrud                         //
pfghtj                          // 04/09/1997 (c) 1997 (Japan)
pgear                           // 24/10/1994 (c) 1994 (Japan)
pgearr1                         // 16/09/1994 (c) 1994 (Japan)
progear                         // 17/01/2001 (c) 2001 Cave (USA)
progeara                        // 17/01/2001 (c) 2001 Cave (Asia)
progearj                        // 17/01/2001 (c) 2001 Cave (Japan)
progearjbl                      //
progearjd                       //
progearud                       //
pzloop2                         // 02/03/2001 (c) 2001 Mitchell (Euro)
pzloop2j                        // 26/02/2001 (c) 2001 Mitchell (Japan)
pzloop2jd                       //
pzloop2jr1                      // 05/02/2001 (c) 2001 Mitchell (Japan)
pzloop2jp                       //
qndream                         // 26/08/1996 (c) 1996 (Japan)
ringdest                        // 02/09/1994 (c) 1994 (Euro)
ringdesta                       // 31/08/1994 (c) 1994 (Asia)
ringdestb                       // 02/09/1994 (c) 1994 (Brazil) - factory region hack?
ringdesth                       // 02/09/1994 (c) 1994 (Hispanic)
ringdstd                        //
rmancp2j                        // 22/09/1995 (c) 1995 (Japan)
rockman2j                       // 08/07/1996 (c) 1996 (Japan)
sfa                             // 27/07/1995 (c) 1995 (Euro)
sfa2                            // 06/03/1996 (c) 1996 (Euro)
sfa2u                           // 30/04/1996 (c) 1996 (USA)
sfa2ur1                         // 06/03/1996 (c) 1996 (USA)
sfa3                            // 04/09/1998 (c) 1998 (USA)
sfa3b                           // 29/06/1998 (c) 1998 (Brazil)
sfa3h                           // 04/09/1998 (c) 1998 (Hispanic)
sfa3hr1                         // 29/06/1998 (c) 1998 (Hispanic)
sfa3u                           // 04/09/1998 (c) 1998 (USA)
sfa3ud                          //
sfa3ur1                         // 29/06/1998 (c) 1998 (USA)
sfa3us                          // 16/06/1998 (c) 1998 (USA)
sfad                            //
sfar1                           // 18/07/1995 (c) 1995 (Euro)
sfar2                           // 27/06/1995 (c) 1995 (Euro)
sfar3                           // 05/06/1995 (c) 1995 (Euro)
sfau                            // 27/06/1995 (c) 1995 (USA)
sfaud                           //
sfz2a                           // 27/02/1996 (c) 1996 (Asia)
sfz2ad                          //
sfz2al                          // 26/08/1996 (c) 1996 (Asia)
sfz2alr1                        // 05/08/1996 (c) 1996 (Asia)
sfz2alb                         // 13/08/1996 (c) 1996 (Brazil)
sfz2ald                         //
sfz2alh                         // 13/08/1996 (c) 1996 (Hispanic)
sfz2alj                         // 05/08/1996 (c) 1996 (Japan)
sfz2b                           // 31/05/1996 (c) 1996 (Brazil)
sfz2br1                         // 04/03/1996 (c) 1996 (Brazil)
sfz2h                           // 04/03/1996 (c) 1996 (Hispanic)
sfz2j                           // 30/04/1996 (c) 1996 (Japan)
sfz2jd                          //
sfz2jr1                         // 27/02/1996 (c) 1996 (Japan)
sfz2n                           // 29/02/1996 (c) 1996 (Oceania)
sfz3a                           // 04/09/1998 (c) 1998 (Asia)
sfz3ar1                         // 01/07/1998 (c) 1998 (Asia)
sfz3j                           // 04/09/1998 (c) 1998 (Japan)
sfz3jr1                         // 27/07/1998 (c) 1998 (Japan)
sfz3jr2                         // 29/06/1998 (c) 1998 (Japan)
sfz3jr2d                        //
sfza                            // 27/06/1995 (c) 1995 (Asia)
sfzar1                          // 05/06/1995 (c) 1995 (Asia)
sfzb                            // 09/11/1995 (c) 1995 (Brazil)
sfzbr1                          // 27/07/1995 (c) 1995 (Brazil)
sfzh                            // 18/07/1995 (c) 1995 (Hispanic)
sfzhr1                          // 27/06/1995 (c) 1995 (Hispanic)
sfzj                            // 27/07/1995 (c) 1995 (Japan)
sfzjr1                          // 27/06/1995 (c) 1995 (Japan)
sfzjr2                          // 05/06/1995 (c) 1995 (Japan)
sgemf                           // 04/09/1997 (c) 1997 (USA)
sgemfa                          // 04/09/1997 (c) 1997 (Asia)
sgemfd                          //
sgemfh                          // 04/09/1997 (c) 1997 (Hispanic)
smbomb                          // 31/08/1994 (c) 1994 (Japan)
smbombr1                        // 08/08/1994 (c) 1994 (Japan)
spf2t                           // 29/05/1996 (c) 1996 (Europe)
spf2ta                          // 29/05/1996 (c) 1996 (Asia)
spf2td                          //
spf2th                          // 31/05/1996 (c) 1996 (Hispanic)
spf2tu                          // 20/06/1996 (c) 1996 (USA)
spf2xj                          // 31/05/1996 (c) 1996 (Japan)
spf2xjd                         //
ssf2                            // 05/10/1993 (c) 1993 (World)
ssf2a                           // 05/10/1993 (c) 1993 (Asia)
ssf2ar1                         // 14/09/1993 (c) 1993 (Asia)
ssf2h                           // 11/09/1993 (c) 1993 (Hispanic)
ssf2j                           // 05/10/1993 (c) 1993 (Japan)
ssf2jr1                         // 11/09/1993 (c) 1993 (Japan)
ssf2jr2                         // 10/09/1993 (c) 1993 (Japan)
ssf2r1                          // 11/09/1993 (c) 1993 (World)
ssf2r1d                         //
ssf2t                           // 23/02/1994 (c) 1994 (World)
ssf2td                          //
ssf2ta                          // 23/02/1994 (c) 1994 (Asia)
ssf2tad                         //
ssf2tb                          // 19/11/1993 (c) 1993 (World)
ssf2tba                         // 05/10/1993 (c) 1993 (Asia)
ssf2tbd                         //
ssf2tbh                         // 05/10/1993 (c) 1993 (Hispanic)
ssf2tbj                         // 05/10/1993 (c) 1993 (Japan)
ssf2tbj1                        // 11/09/1993 (c) 1993 (Japan)
ssf2tbr1                        // 11/09/1993 (c) 1993 (World)
ssf2tbu                         // 11/09/1993 (c) 1993 (USA)
ssf2th                          // 23/02/1994 (c) 1994 (Hispanic)
ssf2tu                          // 23/03/1994 (c) 1994 (USA)
ssf2tur1                        // 23/02/1994 (c) 1994 (USA)
ssf2u                           // 11/09/1993 (c) 1993 (USA)
ssf2ud                          //
ssf2us2                         // bootleg of 11/09/1993 (c) 1993 (USA)
ssf2xj                          // 11/03/1994 (c) 1994 (Japan)
ssf2xjr1                        // 23/02/1994 (c) 1994 (Japan)
ssf2xjr1d                       //
ssf2xjr1r                       // 23/02/1994 (c) 1994 (Japan)
uecology                        // 03/12/1993 (c) 1994 (Japan)
vampj                           // 05/07/1994 (c) 1994 (Japan)
vampja                          // 05/07/1994 (c) 1994 (Japan)
vampjr1                         // 30/06/1994 (c) 1994 (Japan)
vhunt2                          // 29/09/1997 (c) 1997 (Japan)
vhunt2d                         //
vhunt2r1                        // 13/09/1997 (c) 1997 (Japan)
vhuntj                          // 02/03/1995 (c) 1995 (Japan)
vhuntjr1                        // 07/03/1995 (c) 1995 (Japan)
vhuntjr1s                       // 07/03/1995 (c) 1995 (Japan)
vhuntjr2                        // 02/03/1995 (c) 1995 (Japan)
vsav                            // 19/05/1997 (c) 1997 (Euro)
vsav2                           // 13/09/1997 (c) 1997 (Japan)
vsav2d                          //
vsava                           // 19/05/1997 (c) 1997 (Asia)
vsavb                           // 19/05/1997 (c) 1997 (Brazil)
vsavd                           //
vsavh                           // 19/05/1997 (c) 1997 (Hispanic)
vsavj                           // 19/05/1997 (c) 1997 (Japan)
vsavu                           // 19/05/1997 (c) 1997 (USA)
xmcota                          // 31/03/1995 (c) 1994 (Euro)
xmcotaa                         // 05/01/1995 (c) 1994 (Asia)
xmcotaar1                       // 19/12/1994 (c) 1994 (Asia)
xmcotaar2                       // 17/12/1994 (c) 1994 (Asia)
xmcotab                         // 31/03/1995 (c) 1995 (Brazil)
xmcotah                         // 31/03/1995 (c) 1994 (Hispanic)
xmcotahr1                       // 05/01/1995 (c) 1994 (Hispanic)
xmcotaj                         // 05/01/1995 (c) 1994 (Japan)
xmcotaj1                        // 22/12/1994 (c) 1994 (Japan)
xmcotaj2                        // 19/12/1994 (c) 1994 (Japan)
xmcotaj3                        // 17/12/1994 (c) 1994 (Japan)
xmcotajr                        // 08/12/1994 (c) 1994 (Japan Rent)
xmcotar1                        // 05/01/1995 (c) 1994 (Euro)
xmcotar1d                       //
xmcotau                         // 05/01/1995 (c) 1994 (USA)
xmvsf                           // 04/10/1996 (c) 1996 (Euro)
xmvsfa                          // 23/10/1996 (c) 1996 (Asia)
xmvsfar1                        // 04/10/1996 (c) 1996 (Asia)
xmvsfar2                        // 19/09/1996 (c) 1996 (Asia)
xmvsfar3                        // 10/09/1996 (c) 1996 (Asia)
xmvsfb                          // 23/10/1996 (c) 1996 (Brazil)
xmvsfh                          // 04/10/1996 (c) 1996 (Hispanic)
xmvsfj                          // 23/10/1996 (c) 1996 (Japan)
xmvsfjr1                        // 04/10/1996 (c) 1996 (Japan)
xmvsfjr2                        // 10/09/1996 (c) 1996 (Japan)
xmvsfjr3                        // 09/09/1996 (c) 1996 (Japan)
xmvsfjr4                        //
xmvsfr1                         // 10/09/1996 (c) 1996 (Euro)
xmvsfu                          // 23/10/1996 (c) 1996 (USA)
xmvsfu1d                        //
xmvsfur1                        // 04/10/1996 (c) 1996 (USA)
xmvsfur2                        // 10/09/1996 (c) 1996 (USA)

@source:cps3.cpp
jojo                            //
jojoa                           //
jojoar1                         //
jojoar2                         //
jojoba                          //
jojoban                         //
jojobar1                        //
jojobajr1                       //
jojobajr2                       //
jojobanr1                       //
jojobaner1                      //
jojobaner2                      //
jojobanr2                       //
jojobar2                        //
jojoj                           //
jojojr1                         //
jojojr2                         //
jojon                           //
jojonr1                         //
jojonr2                         //
jojor1                          //
jojor2                          //
jojou                           //
jojour1                         //
jojour2                         //
redearth                        //
redearthn                       //
redearthnr1                     //
redearthr1                      //
sfiii                           //
sfiii2                          //
sfiii2h                         //
sfiii2j                         //
sfiii2n                         //
sfiii3                          //
sfiii3j                         //
sfiii3jr1                       //
sfiii3n                         //
sfiii3na                        //
sfiii3nr1                       //
sfiii3nar1                      //
sfiii3r1                        //
sfiii3u                         //
sfiii3ur1                       //
sfiiia                          //
sfiiih                          //
sfiiij                          //
sfiiin                          //
sfiiina                         //
sfiiiu                          //
warzard                         //
warzardr1                       //

@source:cps3.cpp
jojobald                        // Capcom
jojotld                         // Capcom
redearld                        // Capcom
sfiiild                         // Capcom
sfiii2ld                        // Capcom
sfiii3ld                        // Capcom

@source:fcrash.cpp
cawingb2                        // bootleg
cawingbl                        // bootleg
fcrash                          // bootleg of Final Fight
ffightbl                        // bootleg
ffightbla                       // bootleg
ffightblb                       // bootleg
kodb                            // bootleg
mtwinsb                         // bootleg
sf2ceeabl                       // bootleg
sf2ceeab2                       // bootleg
sf2ceeab3                       // bootleg
sf2md                           // bootleg
sgyxz                           // bootleg (All-In Electronics)
sgyxza                          // bootleg (All-In Electronics)
sgyxzb                          // bootleg (All-In Electronics)
varthb                          // bootleg
wofabl                          // bootleg
wofabla                         // bootleg
wofr1bl                         // bootleg

@source:cps1.cpp
3wondrud	                    // Bootleg
3wondersha	                    // Bootleg
captcoud	                    // Bootleg
daimakaib	                    // Bootleg
dinoh	                        // Bootleg
dinoha	                        // Bootleg
dinotpic	                    // Bootleg
dinohc	                        // Bootleg
dinopic5	                    // Bootleg
dinod	                        // Bootleg
dikd	                        // Bootleg
cawingh                         // Bootleg
kodh                            // Bootleg
kodda                           // Bootleg
knightsh2                       // Bootleg
knightsb5                       // Bootleg
pnicku	                        // Bootleg
punisherud1	                    // Bootleg
punisherud2	                    // Bootleg
sf2ceuab3                       // bootleg
sf2ceuab4                       // bootleg
//sf2ceuab5                     // bootleg
//sf2ceuab6                       // bootleg
//sf2ceuab7                       // bootleg
//sf2ceuab9                       // bootleg
sf2cejabl	                    // Bootleg
sf2rb5	                        // Bootleg
sf2rb6	                        // Bootleg
pang3r1a                        // Capcom
pang3b6	                        // Bootleg
pang3b7	                        // Bootleg
sf2mega2	                    // Bootleg
sf2amf5	                        // Bootleg
sf2amf6	                        // Bootleg
sf2amf7	                        // Bootleg
sf2amf8	                        // Bootleg
sf2amf11                        // Bootleg
sf2amf12	                    // Bootleg
sf2amf13	                    // Bootleg
sf2amf14	                    // Bootleg
sf2tlona	                    // Bootleg
sf2tlonb	                    // Bootleg
sf2tlonc	                    // Bootleg
sf2red2	                        // Bootleg
sf2v0042	                    // Bootleg
sf2v0043	                    // Bootleg
sf2yyc2	                        // Bootleg
sf2cejab2	                    // Bootleg
sf2sl73a                        // Bootleg
sf2koryu2                       // Bootleg
sf2koryua	                    // Bootleg
sf2tlona2	                    // Bootleg
sf2tlonb2	                    // Bootleg
sf2tlonc2	                    // Bootleg
sf2ceucbl                       // bootleg
sf2rk2                          // bootleg
sf2b3                           // Bootleg
sf2b4                           // Bootleg
sf2ebbl4                        // bootleg
sf2mkot2                        // Bootleg
sf2ly                           // Capcom
sf2hfjb	                        // Bootleg
sf2hfjb2                        // Bootleg
//sf2hfub                         // Bootleg (It has a graphics problem)
slammastud	                    // Bootleg
wofah	                        // Bootleg
wofaha	                        // Bootleg
wofahb	                        // Bootleg
wofsjs	                        // Bootleg
wofsjsa	                        // Bootleg
//wofsjsb	                        // Bootleg
wofssj	                        // Bootleg
wofssja	                        // Bootleg
wofsj	                        // Bootleg
wofsja	                        // Bootleg
wofsjb	                        // Bootleg
wofjd	                        // Bootleg
wofud	                        // Bootleg

@source:cps1.cpp
cps1demo                        // HomeBrew
cps1frog                        // HomeBrew
cps1tests                       // HomeBrew
cps1testm                       // HomeBrew

@source:cps1.cpp
3wondershc01                    // Hack
3wondershc02                    // Hack
area88hc01                      // Hack
captcommhc01                    // Hack
captcommhc02                    // Hack
captcommhc03                    // Hack
captcommhc04                    // Hack
captcommhc05                    // Hack
captcommhc06                    // Hack
captcommhc07                    // Hack
captcommhc08                    // Hack
captcommhc09                    // Hack
captcommhc10                    // Hack
captcommhc11                    // Hack
captcommhc12                    // Hack
captcommhc13                    // Hack
captcommhc14                    // Hack
captcommhc15                    // Hack
captcommhc16                    // Hack
captcommhc17                    // Hack
captcommhc18                    // Hack
captcommhc19                    // Hack
daimakaihc01                    // Hack
dinohc01                        // Hack
dinohc02                        // Hack
dinohc03                        // Hack
dinohc04                        // Hack
dinohc05                        // Hack
dinohc06                        // Hack
dinohc07                        // Hack
dinohc08                        // Hack
dinohc09                        // Hack
dinohc10                        // Hack
dinohc11                        // Hack
dinohc12                        // Hack
dinohc13                        // Hack
dinohc14                        // Hack
dinohc15                        // Hack
dinohc16                        // Hack
dinohc17                        // Hack
dinohc18                        // Hack
dinohc19                        // Hack
dinohc20                        // Hack
dinohc21                        // Hack
dinohc22                        // Hack
dinohc23                        // Hack
dinohc24                        // Hack
dinohc25                        // Hack
dinohc26                        // Hack
dinohc27                        // Hack
dinohc28                        // Hack
forgottnhc01                    // Hack
ffighthc01                      // Hack
ffighthc02                      // Hack
ffighthc03                      // Hack
ffighthc04                      // Hack
ffighthc05                      // Hack
ffighthc06                      // Hack
ghoulshc01                      // Hack
kodhc01                         // Hack
kodhc02                         // Hack
kodhc03                         // Hack
kodhc04                         // Hack
kodhc05                         // Hack
kodhc06                         // Hack
kodhc07                         // Hack
kodhc08                         // Hack
knightshc01                     // Hack
knightshc02                     // Hack
knightshc03                     // Hack
knightshc04                     // Hack
knightshc05                     // Hack
knightshc06                     // Hack
mercshc01                       // Hack
mercshc02                       // Hack
punisherhc01                    // Hack
punisherhc02                    // Hack
punisherhc03                    // Hack
punisherhc04                    // Hack
punisherhc05                    // Hack
punisherhc06                    // Hack
punisherhc07                    // Hack
punisherhc08                    // Hack
punisherhc09                    // Hack
rockmanjhc01                    // Hack
sf2cehc01                       // Hack
sf2cehc02                       // Hack
sf2cehc03                       // Hack
sf2cehc04                       // Hack
sf2cehc05                       // Hack
sf2cehc06                       // Hack
sf2cehc07                       // Hack
sf2cehc08                       // Hack
sf2cehc09                       // Hack
sf2cehc10                       // Hack
sf2cehc11                       // Hack
sf2cehc12                       // Hack
sf2cehc13                       // Hack
sf2cehc14                       // Hack
sf2cehc15                       // Hack
sf2cehc16                       // Hack
sf2cehc17                       // Hack
sf2cehc18                       // Hack
sf2cehc19                       // Hack
sf2cehc20                       // Hack
sf2cehc21                       // Hack
sf2hc01                         // Hack
sf2hc02                         // Hack
sf2hc03                         // Hack
sf2hc04                         // Hack
sf2hfhc01                       // Hack
sf2hfhc02                       // Hack
sfzchhc01                       // Hack
striderhc01                     // Hack
striderhc02                     // Hack
striderhc03                     // Hack
tk2hc01                         // Hack
tk2hc02                         // Hack
tk2hc03                         // Hack
tk2hc04                         // Hack
tk2hc05                         // Hack
tk2hc06                         // Hack
tk2hc07                         // Hack
tk2hc08                         // Hack
tk2hc09                         // Hack
tk2hc10                         // Hack
tk2hc11                         // Hack
tk2hc12                         // Hack
tk2hc13                         // Hack
tk2hc14                         // Hack
tk2hc15                         // Hack
tk2hc16                         // Hack
tk2hc17                         // Hack
tk2hc18                         // Hack
tk2hc19                         // Hack
tk2hc20                         // Hack
tk2hc21                         // Hack
tk2hc22                         // Hack
tk2hc23                         // Hack
tk2chc01                        // Hack
tk2chc02                        // Hack
sk2hc01                         // Hack
sk3hc01                         // Hack
varthhc01                       // Hack
willowhc01                      // Hack
wofhc01                         // Hack
wofhc02                         // Hack

@source:cps2.cpp
19xxhc01                        // Hack
19xxhc02                        // Hack
1944hc01                        // Hack
avsphc01                        // Hack
avsphc02                        // Hack
batcirhc01                      // Hack
csclubhc01                      // Hack
cybotshc01                      // Hack
cybotshc02                      // Hack
ddsomhc01                       // Hack
ddsomhc02                       // Hack
ddsomhc03                       // Hack
ddsomhc04                       // Hack
ddsomhc05                       // Hack
ddtodhc01                       // Hack
ddtodhc02                       // Hack
dstlkhc01                       // Hack
dstlkhc02                       // Hack
ffightaec2                      // Hack
ffightaec2ds                    // Hack
gigawinghc01                    // Hack
hsf2hc01                        // Hack
hsf2hc02                        // Hack
hsf2hc03                        // Hack
hsf2hc04                        // Hack
hsf2hc05                        // Hack
hsf2hc06                        // Hack
hsf2hc07                        // Hack
hsf2hc08                        // Hack
mvschc01                        // Hack
mvschc02                        // Hack
mvschc03                        // Hack
mvschc04                        // Hack
mshhc01                         // Hack
mshhc02                         // Hack
mshvsfhc01                      // Hack
mshvsfhc02                      // Hack
mshvsfhc03                      // Hack
mshvsfhc04                      // Hack
pfghthc01                       // Hack
pfghthc02                       // Hack
progearhc01                     // Hack
progearhc02                     // Hack
rmancp2hc01                     // Hack
ringdesthc01                    // Hack
rockman2hc01                    // Hack
sfahc01                         // Hack
sfahc02                         // Hack
sfahc03                         // Hack
sfahc04                         // Hack
sfa2hc01                        // Hack
sfa2hc02                        // Hack
sfa2hc03                        // Hack
sfa2hc04                        // Hack
sfa2hc05                        // Hack
sfa3hc01                        // Hack
sfa3hc02                        // Hack
sfa3hc03                        // Hack
sfa3hc04                        // Hack
sfa3hc05                        // Hack
sfa3hc06                        // Hack
sfa3hc07                        // Hack
sfz2alhc01                      // Hack
sfz2alhc02                      // Hack
sfz2alhc03                      // Hack
sfz2alhc04                      // Hack
sfz2alhc05                      // Hack
sfz2alhc06                      // Hack
ssf2thc01                       // Hack
ssf2thc02                       // Hack
ssf2thc03                       // Hack
ssf2xhc01                       // Hack
ssf2xhc02                       // Hack
ssf2hc01                        // Hack
spf2thc01                       // Hack
spf2thc02                       // Hack
spf2xhc01                       // Hack
spf2xhc02                       // Hack
vsavhc01                        // Hack
xmcotahc01                      // Hack
xmcotahc02                      // Hack
xmcotahc03                      // Hack
xmvsfhc01                       // Hack
xmvsfhc02                       // Hack
xmvsfhc03                       // Hack

@source:cps2.cpp
suicide                         // HomeBrew

@source:cps2.cpp
sfz3mix                         // Hack

@source:cps3.cpp
jojobahc01                      // Hack
jojobahc02                      // Hack
jojobahc03                      // Hack
jojohc01                        // Hack
sfiiihc01                       // Hack
sfiiihc02                       // Hack
sfiii2hc01                      // Hack
sfiii2hc02                      // Hack
sfiii3hc01                      // Hack
sfiii3hc02                      // Hack
sfiii3hc03                      // Hack
sfiii3hc04                      // Hack
sfiii3hc05                      // Hack
sfiii3hc06                      // Hack



/*****************************************************
    List of all enabled drivers extras in the system.
********************************************************/

@source:cave.cpp
agallet                         // Parents
agallethc01                     // Hack
ddonpach                        // Parents
ddonpachhc01                    // Hack
esprade                         // Parents
espradehc01                     // Hack
feversos                        // Parents
feversoshc01                    // Hack
gaia                            // Parents
gaiahc01                        // Hack
guwange                         // Parents
guwangehc01                     // Hack
metmqstr                        // Parents
metmqstrhc01                    // Hack
metmqstrhc02                    // Hack
metmqstrhc03                    // Hack
plegends                        // Parents
plegendshc01                    // Hack
plegendshc02                    // Hack
plegendshc03                    // Hack
pwrinst2                        // Parents
pwrinst2hc01                    // Hack
sailormn                        // Parents
sailormnhc01                    // Hack
sailormnhc02                    // Hack
sailormnhc03                    // Hack
sailormnhc04                    // Hack
sailormnhc05                    // Hack
sailormnhc06                    // Hack
sailormnhc07                    // Hack
sailormnhc08                    // Hack
sailormnhc09                    // Hack
sailormnhc10                    // Hack
sailormnhc11                    // Hack
sailormnhc12                    // Hack
sailormnhc13                    // Hack
sailormnhc14                    // Hack
theroes                         // Parents
theroeshc01                     // Hack

@source:m92.cpp
hook                            // Parents
hookhc01                        // Hack
hookhc02                        // Hack
hookhc03                        // Hack
hookhc04                        // Hack
hookhc05                        // Hack
hookhc06                        // Hack
hookhc07                        // Hack
hookhc08                        // Hack
hookhc09                        // Hack
hookhc10                        // Hack
hookhc11                        // Hack
hookhc12                        // Hack
hookhc13                        // Hack
hookhc14                        // Hack
hookhc15                        // Hack
hookhc16                        // Hack
hookhc17                        // Hack
hookhc18                        // Hack
hookhc19                        // Hack
hookhc20                        // Hack
hookhc21                        // Hack
hookhc22                        // Hack
hookhc23                        // Hack
hookhc24                        // Hack
hookhc25                        // Hack
hookhc26                        // Hack
hookhc27                        // Hack
hookhc28                        // Hack
hookhc29                        // Hack
hookhc30                        // Hack
hookhc31                        // Hack
hookhc32                        // Hack
hookhc33                        // Hack
hookhc34                        // Hack
hookhc35                        // Hack
nbbatman                        // Parents
nbbatmanhc01                    // Hack
nbbatmanhc02                    // Hack
nbbatmanhc03                    // Hack
nbbatmanhc04                    // Hack
nbbatmanhc05                    // Hack
nbbatmanhc06                    // Hack
nbbatmanhc07                    // Hack
uccops                          // Parents
uccopshc01                      // Hack

@source:midtunit.cpp
mk                              // Parents
mktturbo                        // hack
mkhc01                          // hack
mkhc02                          // hack
mkhc03                          // hack
mkhc04                          // hack
mk2                             // Parents
mk2chal                         // hack
mk2r42                          // hack
mk2r91                          // hack
mk2hc01                         // hack
mk2hc02                         // hack
mk2hc03                         // hack
mk2hc04                         // hack
mk2hc05                         // hack

@source:midyunit.cpp
mknifty                         // hack
mkyturbo                        // hack

@source:midwunit.cpp
mk3                             // Parents
mk3hc01                         // hack
umk3                            // Parents
umk3hc01                        // hack
umk3hc02                        // hack
umk3hc03                        // hack
umk3hc04                        // hack
umk3hc05                        // hack
umk3hc06                        // hack
umk3hc07                        // hack
umk3hc08                        // hack
umk3hc09                        // hack

@source:pgm2.cpp
kof98umh                        // Parents

@source:powerins.cpp
powerins                        // Parents
powerinshc01                    // hack
powerinshc02                    // hack
powerinshc03                    // hack
powerinshc04                    // hack

@source:1942.cpp
1942                            // Parents

@source:1943.cpp
1943                            // Parents

@source:aerofgt.cpp
aerofgt                         // Parents

@source:arkanoid.cpp
arkanoid                        // Parents

@source:asuka.cpp
asuka                           // Parents

@source:blktiger.cpp
blktiger                        // Parents

@source:bombjack.cpp
bombjack                        // Parents

@source:bublbobl.cpp
bublbobl                        // Parents

@source:contra.cpp
contra                          // Parents

@source:dbz.cpp
dbz                             // Parents
dbz2                            // Parents

@source:dec0.cpp
baddudes                        // Parents

@source:deco_mlc.cpp
avengrgs                        // Parents

@source:deco32.cpp
fghthist                        // Parents

@source:dkong.cpp
dkong                           // Parents

@source:exerion.cpp
exerion                         // Parents

@source:flstory.cpp
flstory                         // Parents

@source:fuukifg3.cpp
asurabld                        // Parents
asurabus                        // Parents

@source:galaxian.cpp
galaxian                        // Parents

@source:gauntlet.cpp
gauntlet                        // Parents

@source:ginganin.cpp
ginganin                        // Parents

@source:gottlieb.cpp
qbert                           // Parents

@source:kaneko16.cpp
bloodwar                        // Parents

@source:kikikai.cpp
kikikai                         // Parents

@source:konamigx.cpp
dragoona                        // Parents

@source:kyugo.cpp
airwolf                         // Parents

@source:lkage.cpp
lkage                           // Parents




